FORM,Q1,Q2,Q3,Q4,Q5,Q6,Q7,Q8,Q9,Q10,Q11,Q12,Q13,Q14,Q15,Q16,Q17,Q18,Q20,Q22
2,1,2,2,,1,,,3,1,2,4,2,2,2,2,2,2,1,1,2
3,1,1,1,4,,5,1,2,1,3,1,1,2,2,3,3,2,2,,
4,3,2,2,4,4,5,1,2,,3,1,1,2,2,2,3,2,1,1,1
5,3,2,2,6,,2,1,2,,2,1,1,2,2,2,3,2,2,,
6,2,1,2,4,5,5,1,2,,2,2,1,2,2,2,3,2,1,1,1
7,3,1,1,4,5,4,2,1,,3,1,1,2,2,2,2,2,1,1,1
8,4,2,1,,3,2,1,1,,2,1,1,2,1,2,2,2,2,,
9,1,1,2,4,5,4,1,2,1,2,1,1,2,2,2,2,2,2,,
10,1,1,2,5,5,1,,2,,3,1,1,2,2,2,3,2,2,,
11,2,1,2,6,6,1,,1,,2,1,1,2,2,3,3,2,2,,
12,2,1,1,5,6,5,2,2,,2,1,1,2,2,3,3,2,2,,
13,1,1,2,5,5,1,,2,1,3,1,1,1,1,2,3,2,2,,
14,2,1,2,,4,4,1,1,,2,2,2,2,2,2,3,2,1,1,1
15,4,1,1,6,5,5,2,2,1,2,1,1,2,2,2,2,2,2,,
16,4,2,1,6,4,2,,2,1,2,1,1,2,2,3,2,2,2,,
17,2,1,1,6,5,5,2,2,1,2,1,1,2,1,2,3,2,2,,
18,2,2,1,6,5,2,,2,1,2,1,1,1,1,2,2,2,2,,
19,1,2,2,6,5,1,,2,1,2,1,1,2,1,2,2,3,2,,
20,2,1,2,4,5,1,,1,,3,2,2,2,2,3,3,2,2,,
21,2,1,2,4,5,1,,2,,3,2,1,1,2,3,3,2,2,,
22,2,1,2,5,5,1,,2,,3,2,1,2,2,3,3,2,1,1,1
23,1,1,2,4,5,1,,2,,3,1,1,1,2,2,2,2,1,1,1
24,1,1,2,4,5,1,,2,,3,1,1,1,2,2,2,2,1,1,1
25,4,1,1,3,5,5,1,2,,2,1,1,2,2,2,3,2,2,,
26,4,1,1,4,5,5,1,2,,2,1,1,1,2,2,2,2,2,,
27,4,2,1,4,5,2,,2,,2,1,1,1,2,2,2,2,2,,
28,,1,2,8,4,2,1,,,2,2,2,2,1,1,1,1,2,,
29,2,2,1,2,5,2,,2,,2,4,1,1,1,3,2,3,2,2,2
30,2,1,2,6,5,1,,1,,2,1,1,1,1,1,1,1,2,,
31,2,1,1,5,5,5,2,2,2,,,1,2,2,2,2,1,1,2,1
32,2,1,1,3,4,5,,2,3,2,3,1,1,1,2,3,4,2,2,2
33,2,1,2,7,5,5,1,2,,2,1,2,2,1,1,1,2,2,2,2
34,1,1,2,6,5,1,,2,,2,1,2,1,1,1,1,1,2,2,2
35,3,1,1,4,5,5,2,2,4,2,3,1,1,2,3,3,4,1,2,1
36,3,2,1,4,5,2,,2,1,2,6,1,1,1,2,3,4,2,2,2
37,3,1,1,4,5,3,2,2,,2,1,1,1,2,2,3,4,1,1,1
38,3,1,1,3,5,4,2,2,2,2,2,1,1,1,2,3,3,2,2,2
39,2,1,2,5,5,4,2,2,1,3,1,1,1,1,2,3,3,2,2,2
40,2,1,1,3,5,5,1,2,1,3,1,1,1,1,2,2,4,2,2,2
41,5,1,2,4,4,,1,,,,,1,,1,1,4,4,,2,1
42,1,1,2,5,5,1,1,1,,1,2,1,4,2,4,4,,2,,1
43,2,1,1,7,4,5,2,2,1,1,1,1,2,1,1,4,3,1,2,2
44,1,1,2,7,,,1,2,,,2,2,,1,2,2,,1,,1
45,1,1,2,,6,1,,6,1,3,1,2,2,2,2,2,1,1,2,2
46,1,1,2,12,4,1,1,1,,1,,1,,1,2,2,3,1,1,1
47,1,1,2,5,5,1,,2,2,3,3,2,1,2,2,2,3,1,1,2
48,2,1,1,,2,5,1,1,,3,4,2,2,2,2,4,3,1,1,1
49,1,1,2,5,5,1&4,1,2,,1,5,1,1,2,3,2,3,1,1,1
50,3,1,1,,1,4,2,2,1,,1,1,1,1,1,1,1,1,1,1
51,3,1,1,6,1,4,2,1,1,,1,1,1,1,1,1,1,,1,1
52,2,1,2,4,5,5,1,2,,3,2,1,1,1,2,2,3,2,2,2
53,2,1,1,3,5,4,1,1,,2,1,1,1,1,2,2,3,2,2,2
54,1,1,2,5,5,1&4,,1,1,3,1,2,1,1,1,2,2,1,1,1
55,,1,1,24,,,,6,1,3,3,1,2,2,2,2,4,1,1,2
56,1,2,2,6,5,4,1,1,,3,2,2,1,1,3,3,2,2,,
57,1,1,2,6,5,4,,,2,3,1,2,2,2,2,2,3,2,,
58,2,1,1,5,5,4,1,,1,2,1,2,1,2,2,3,3,2,,
59,2,1,2,5,5,1&4,,1,0,2,1,2,1,2,1,2,2,1,2,1
60,2,1,1,6,5,4,1,1,1,2,1,,,2,2,2,3,1,1,1
61,3,1,1,4,4,5,1,,0,2,1,1,2,2,2,2,3,,,
62,1,1,2,4,1,,1,1,3,4,4,2,2,2,2,2,2,2,2,2
63,1,1,2,4,5,1,,3,0,2,1,1,2,1,1,1,1,2,,
64,1,1,2,6,5,1,,2,0,2,1,2,2,1,1,1,1,2,,
65,4,1,1,11,6,3,2,1,0,2,1,1,1&2,2,2,2,3,1,1,1
66,1,1,2,5,5,1,,1,0,3,1,2,2,2,2,2,4,2,1,1
67,1,1,2,4,5,1,,1,0,3,,1,1,2,1,4,3,1,2,2
68,1,2,2,5,5,1,,1,0,2,2,1,1,2,1,1,3,1,1,1
69,1,1,2,6,5,1,,0,0,3,1,2,2,1,2,2,3,2,,
70,1,1,2,6,5,1&4,,0,0,3,,1,1&2,2,2,2,2,1,1,2
71,1,1,2,4,5,,,1,0,3,4,2,2,2,2,4,4,1,1,1
72,1,1,2,3,,1,1,2,0,3,4,2,4,2,2,4,2,1,1,1
73,1,1,2,,5,1,1,3,0,3,3,2,2,2,2,2,3,1,1,1
74,3,1,1,4,2,5,1,1,0,2,1,2,2,1,1,1,1,2,,
75,2,1,1,,5,4,1,2,1,2,3,2,1,1,1,2,2,1,1,1
76,,,,,,,,,,,,,,,,,,,,
77,2,1,1,11,6,4,1,1,0,,1,2,2,1,2,4,3,2,2,2
78,3,1,1,6,6,3,2,1,0,3,1,2,3,2,4,2,4,1,1,1
79,,1,1,4,6,,1,,,2,1,1,,2,1,,,1,1,1
80,1,1,2,3,6,3,1,,,,2,3,3,1,1,1,,1,1,1
81,2,1,1,6,5,4,1,3,1,2,1,1,1&2,2,1,4,3,2,2,2
82,1,1,1,4,3,4,1,1,1,2,1,1,1&2,2,1,1,,2,2,2
83,1,2,1,5,5,1&4,,3,1,3,3,1,1&2,2,4,4,4,1,1,1
84,,1,1,,5,3,1,2,1,2,1,2,2,2,2,2,2,2,2,2
85,2,1,1,,5,3,1,2,2,,2,2,2,2,2,2,3,1,2,1
86,2,1,1,,6,5,1,1,1,,,,,1,,,,1,1,1
87,4,1,1,8,2,5,,1,2,1,1,2,2,2,1,4,3,1,1,1
88,,1,2,7,5,4,1,2,0,3,2,2,2,2,3,3,4,2,2,2
89,2,1,1,,3,5,1,0,0,,2,2,2,2,2,2,,2,2,2
90,2,1,1,5,5,3,2,2,1,2,2,2,2,2,2,3,2,2,2,2
91,4,1,1,4,4,,1,2,1,2,,2,2,,2,2,2,2,2,2
92,2,1,1,7,5,4,2,1,,,1,2,2,2,2,2,,2,2,2
93,3,1,1,5,3,3,1,2,1,2,1,2,2,,2,2,2,1,1,1
94,3,1,,5,5,3,1,2,1,1,3,2,2,2,2,2,2,2,2,2
95,,1,1,,,,,1,1,,1,,,1,,,,1,1,1
96,1,1,2,4,4,1&4,,1,0,2,3,1,2,2,4,4,4,2,,
97,,1,2,10,4,2,,1,0,,1,2,2,1,2,1,1,1,1,1
98,4,1,1,4,5,5,1,1,0,2,1,1,2,1,1,1,1,2,,
99,3,1,1,6,3,5,1,1,0,1,1,1,2,1,1,1,1,2,,
100,2,1,1,5,4,5,1,2,1,1,1,2,2,1,1,1,2,,2,
101,3,1,1,4,5,4,2,2,0,2,1,2,1,1,2,3,3,2,2,2
102,1,1,2,4,5,4,2,3,1,2,1,2,1&2,2,2,3,3,1,2,1
103,2,1,1,3,3,5,,1,0,2,2,,,2,2,2,4,2,2,2
104,3,2,1,5,4,2,,1,0,2,3,2,2,2,2,3,4,1,1,1
105,1,1,2,4,4,1,,2,0,3,1,2,2,1,2,2,2,2,2,2
106,2,1,2,5,4,5,1,2,0,3,1,2,2,1,2,2,3,2,2,2
107,2,1,2,8,4,5,1,1,1,3,1,2,2,2,2,3,4,1,2,1
108,2,1,2,4,5,5,1,1,0,3,1,2,2,2,2,3,4,1,1,1
109,2,1,2,6,3,5,1,1,0,3,1,2,1&2,1,2,3,4,2,2,2
110,1,1,2,4,3,1,,1,0,3,1,1,1,1,3,2,4,2,2,2
111,3,1,1,4,4,5,1,1,0,2,1,1,1&2,1,2,1,3,2,2,2
112,2,1,2,3,5,1&4,,1,0,3,2,2,2,2,1,3,4,1,1,1
113,2,1,2,4,5,5,1,1,0,3,1,2,2,2,2,2,4,1,1,1
114,2,1,2,5,5,5,1,2,0,1,4,2,2,2,2,3,3,1,1,1
115,2,1,1,4,6,4,2,3,1,2,1,2,1,1,2,3,4,2,2,2
116,1,1,2,4,4,1,1,2,0,3,1,3,2,2,4,4,4,1,1,1
117,3,1,1,5,3,5,1,1,0,1,1,2,2,1,2,2,3,2,2,2
118,1,1,1,4,4,1,1,1,0,2,1,2,2,2,3,4,4,2,2,2
119,1,2,2,5,5,1,,1,0,3,3,2,2,2,2,2,4,2,2,2
120,1,2,1,4,5,4,1,2,1,2,4,1,2,1,3,4,4,2,2,2
121,4,1,1,6,5,4,1,2,0,2,1,2,1,1,2,2,2,1,2,1
122,3,2,1,4,6,3,1,1,1,2,1,1,2,1,2,2,2,2,,
123,1,1,2,4,5,1,,2,0,3,2,2,2,1,1,2,2,1,2,1
124,1,1,1,6,5,5,1,1,1,2,1,2,1,2,2,2,3,1,1,1
125,4,2,1,6,5,2,,2,0,2,1,1,2,1,2,3,3,1,2,1
126,4,1,1,5,4,5,1,1,0,3,1,1,2,2,2,2,2,2,,
127,4,2,1,5,4,2,,1,0,2,1,2,2,2,3,3,2,2,,
128,2,2,1,4,5,2,,1,0,2,2,1,2,2,2,3,2,2,,
129,6,2,1,4,3,2,,1,0,2,1,1,2,1,2,2,2,2,,
130,1,1,2,6,5,1,,2,0,3,,2,2,2,2,2,1,2,,
131,1,1,2,5,4,1,,3,0,3,1,1,1&2,2,2,2,3,1,1,1
132,1,1,2,4,5,1,,2,0,3,2,2,2,1,,2,2,1,2,1
133,3,1,1,6,5,4,1,1,0,3,1,2,2,2,4,4,3,1,1,1
134,1,1,2,4,5,1,1,1,0,3,3,2,2,2,2,3,4,1,1,1
135,2,2,2,,5,2,,0,0,2,3,2,2,2,4,4,4,2,,
136,6,2,1,7,5,5,1,0,0,1,,2,2,2,4,4,4,2,,
137,1,1,1,4,4,3,1,2,0,2,2,2,2,2,4,4,4,2,,
138,1,2,2,4,5,1,1,1,0,3,1,2,2,2,2,2,4,2,,
139,2,2,1,5,5,2,,2,0,2,1,2,2,2,2,2,1,1,1,1
140,2,1,1,5,5,4,1,2,0,2,1,2,,1,1,2,2,1,1,1
141,2,1,1,5,5,4,1,2,0,2,1,2,2,2,3,4,4,1,2,1
142,2,1,2,,5,4,1,1,0,3,3,2,2,1,3,3,,2,,
143,1,1,2,4,5,1,,1,2,3,2,2,2,2,2,3,,1,2,2
144,1,1,2,,4,1,1,2,1,2,1,1,2,1,2,3,4,1,2,1
145,2,1,2,5,4,1,1,2,0,3,3,2,2,1,4,4,4,1,2,1
146,1,1,2,4,5,1,,1,1,3,2,2,2,2,4,4,,1,1,1
147,4,2,,3,6,4,1,,1,2,1,2,2,1,1&3,,4,2,,
148,3,1,1,4,5,4,1,0,1,2,1,1,1,1,1,3,4,2,,1
149,1,1,2,5,5,1&4,,1,0,2,1,2,1,,3,4,3,2,,1
150,2,1,2,4,5,3,1,2,1,2,1,2,2,2,4,4,3,2,,
151,2,1,1,3,5,5,1,2,0,,,,,,,,4,1,1,1
152,2,1,1,4,6,4,2,,1,3,1,3,2,1,1,3,3,2,,
153,2,,1,10,5,3,1,2,,2,4,2,2,2,1,1,3,1,2,1
154,2,1,1,4,5,4,1,2,1,2,1,2,2,1,2,4,3,1,2,1
155,1,1,2,5,2,1,1,2,1,2,1,3,4,1,2,4,3,1,,1
156,2,1,2,3,4,1,,1,0,2,,2,2,1,4,4,,1,2,1
157,1,,,5,5,,,2,1,3,1,3,2,2,1,3,,1,1,1
158,2,2,1,5,5,4,1,2,1,2,1,2,2,1,2,4,3,1,2,1
159,2,2,2,4,5,2,,1,1,2,1,2,1&4,1,4,2,3,2,,
160,1,1,2,4,5,,,1,,3,4,2,2,2,4,4,,1,1,1
161,1,1,2,4,1,,1,1,2,1,1,2,2,2,3,4,4,2,,
162,1,1,2,4,5,1,,2,0,2,1,2,2,2,3,4,3,2,2,
163,2,,1,6,3,4,1,1,,1,4,2,2,1,1,3,3,1,1,1
164,1,1,1,4,4,4,1,1,1,3,1,1,1,2,1,4,4,2,2,2
165,3,1,1,8,4,4,1,1,1,2,1,2,2,1,2,2,2,2,2,2
166,1,1,1,6,4,3,1,1,1,1,1,1,1,2,3,4,4,2,2,2
167,1,2,2,4,5,4,1,1,0,2,2,2,2,,2,2,1,2,2,2
168,3,2,1,4,1,2,,2,0,2,2,2,2,2,2,4,3,1,1,1
169,1,1,1,8,4,4,1,1,0,2,2,1,2,2,1,1,2,1,2,1
170,2,1,2,4,5,5,2,1,1,3,1,4,2,1,2,3,2,2,2,2
171,2,2,2,4,5,2,,1,1,2,3,2,2,2,2,3,2,1,1,1
172,2,1,2,6,5,5,2,4,3,1,1,4,2,1,2,2,3,2,2,2
173,3,1,1,5,4,5,1,1,0,2,1,1,4,2,2,2,2,1,2,1
174,2,1,2,4,5,4,1,3,1,3,1,4,2,1,2,3,4,2,2,2
175,1,1,1,2,5,5,1,1,0,2,2,4,2,2,2,3,2,1,2,1
176,2,2,1,4,5,4,1,1,0,2,1,2,2,,2,2,,,2,2
177,2,1,1,3,5,4,1,2,0,2,1,1,1,2,1,4,3,2,2,2
178,2,1,,4,5,4,1,2,0,2,1,1,1,2,1,4,3,2,2,2
179,4,2,1,7,1,2,,2,0,2,2,1,1,2,2,4,3,2,2,2
180,2,1,1,9,4,5,1,1,1,2,1,1,1,2,1,1,3,2,2,2
181,2,1,1,3,5,4,1,1,0,,2,2,2,2,2,2,1,1,1,1
182,4,1,1,,4,5,2,2,2,3,3,2,2,2,2,2,1,1,1,1
183,1,1,2,3,4,1,,1,0,3,1,2,2,1,1,2,1,2,2,2
184,5,1,,10,5,,1,2,2,2,1,2,2,2,3,2,1,1,1,1
185,1,1,2,10,4,1,,1,1,3,1,2,2,2,2,2,1,1,1,1
186,1,1,2,4,4,1,,1,0,3,2,2,2,2,2,2,2,1,1,1
187,4,1,1,4,3,4,1,1,0,2,1,1,1,2,1,4,1,1,1,1
188,3,1,1,4,5,2,,1,1,2,1,2,2,2,2,2,1,2,2,2
189,2,1,1,4,6,3,1,1,1,2,1,2,2,2,2,2,1,1,1,1
190,4,1,,,5,3,1,1,1,,1,2,2,1,2,2,1,2,2,2
191,2,1,1,5,5,4,1,2,0,2,1,1,1,1,1,4,3,2,2,2
192,2,1,1,8,5,4,1,2,0,2,2,1,1,2,1,4,3,1,1,1
193,3,2,1,3,5,4,1,2,1,3,4,1,,2,1,4,4,1,1,1
194,2,1,1,6,4,4,1,1,0,3,2,1,1&2,2,2,4,3,1,1,1
195,1,1,1,5,4,,1,1,1,2,1,1,1,2,1,1,,2,2,2
196,1,2,2,5,4,1,,1,0,3,1,1,1,1,1,2,4,2,2,2
197,1,1,2,4,4,4,1,1,0,2,1,2,2,1,1,2,1,1,1,1
198,4,1,1,4,5,4,1,2,1,2,2,2,2,1,1,2,1,1,1,1
199,2,1,1,3,6,3,2,2,1,1,6,1,2,1,2,3,4,2,2,2
200,1,1,2,5,5,1,,2,1,3,1,1,1,1,3,4,4,2,2,2
201,1,1,2,5,5,4,1,2,0,3,2,1,1,1,3,4,4,2,2,
202,4,2,1,7,1,2,,1,0,2,2,1,1,2,2,3,4,1,1,1
203,4,2,1,5,4,2,,2,0,2,1,1,1,1,3,4,4,2,2,2
204,5,1,1,5,4,5,1,2,1,2,5,1,1,1,2,3,4,2,2,2
205,1,2,2,5,5,1,,2,0,3,1,1,1,1,2,3,4,2,2,2
206,1,1,2,4,5,4,2,2,0,2,5,1,1,2,2,1,2,1,1,1
207,1,1,2,4,6,,2,4,2,,6,1,1,1,3,3,4,2,2,2
208,2,1,2,4,4,5,2,6,2,3,3,1,1,1,1,3,3,2,2,2
209,1,2,2,,5,1,,2,1,3,1,1,1,1,2,3,4,2,2,2
210,1,1,2,5,5,1,1,1,0,2,1,3,3,2,4,3,4,1,1,1
211,2,1,1,5,5,4,1,1,0,2,1,2,2,2,3,4,3,2,2,2
212,2,1,2,4,5,4,2,1,0,3,1,2,2,2,3,4,4,1,2,1
213,2,1,1,6,6,5,2,4,1,,6,1,1,1,3,3,3,2,2,2
214,1,1,2,4,5,1,,2,0,1,1,1,1,1,3,3,4,2,2,2
215,3,2,1,4,5,2,,1,0,2,1,1,1,2,,3,4,2,1,1
216,2,1,1,6,4,4,1,1,0,2,,3,3,2,4,4,4,2,2,2
217,2,2,1,,5,3,2,4,2,,3,1,1,,2,3,4,2,2,2
218,3,1,1,5,5,5,2,1,1,2,,2,2,2,4,4,4,1,2,1
219,3,1,,4,5,5,2,1,1,2,1,2,2,2,3,4,4,1,2,1
220,5,1,1,6,3,,,,,2,2,1,1,,3,4,3,2,2,2
221,2,1,1,5,4,4,2,1,2,,1,1,1,2,1,1,1,1,2,1
222,2,1,1,8,3,4,1,,,1,2,4,,2,4,3,3,1,1,1
223,,2,2,,,,,1,,,2,,,1,2,2,3,1,1,1
224,4,1,1,4,3,5,1,2,0,2,1,1,1,2,1,2,1,1,1,1
225,3,1,1,6,5,1,2,1,1,3,1,1,2,2,1,3,2,1,1,1
226,3,1,1,6,3,4,1,1,0,1,4,4,3,2,1,2,4,1,2,1
227,6,1,1,8,4,3,,1,,1,2,1,1,2,1,1,,1,2,1
228,1,1,1,4,4,1,,0,1,3,1,1,1,2,1,2,1,2,2,2
229,1,1,2,5,4,1,,1,1,3,1,1,1,2,1,1,4,2,2,2
230,1,1,1,4,4,1,1,1,1,2,3,1,1,2,1,2,4,2,2,2
231,3,2,,,4,2,,1,1,2,1,1,1,2,1,2,4,2,2,2
232,3,1,1,7,4,3,1,1,1,3,1,1,1,2,1,1,4,2,2,2
233,3,1,1,6,,,1,2,1,3,1,1,1,2,1,4,4,2,2,2
234,5,1,1,3,2,5,1,2,0,3,1,1,1,1,2,3,3,2,2,2
235,3,1,1,7,3,5,1,,,3,1,1,2,2,1,1,3,1,1,1
236,4,1,1,4,4,4,1,2,0,3,4,1,2,2,1,1,1,1,1,1
237,4,1,1,8,,3,1,1,1,2,3,1,1,2,1,1,3,1,2,2
238,3,1,1,5,2,5,1,1,0,3,1,1,1,2,2,2,2,1,2,1
239,3,1,1,,2,4,1,1,0,3,1,1,1,1,1,2,2,2,2,2
240,4,1,1,8,3,5,1,2,1,2,2,1,2,2,2,2,1,1,1,2
241,4,1,1,9,2,4,1,1,0,2,2,2,2,1,,2,1,2,2,2
242,3,1,1,8,4,4,1,1,0,2,,1,1,,1,3,3,2,2,2
243,3,1,1,5,5,4,1,1,1,2,1,2,1,2,1,2,2,1,1,2
244,2,1,2,23,5,4,1,9,2,3,4,1,1,1,1,1,3,2,2,2
245,3,1,1,6,5,4,1,2,0,2,1,1,1,2,2,3,3,1,1,1
246,3,1,1,5,5,4,1,2,1,3,3,2,2,2,1,2,,2,2,2
247,5,1,1,6,4,5,1,1,0,2,1,2,2,2,2,2,2,2,2,2
248,3,1,1,5,5,5,1,2,0,1,1,1,2,2,2,2,2,2,2,2
249,,1,2,6,6,1,,4,1,3,3,1,1,2,2,2,2,1,1,1
250,3,2,1,3,6,2,1,2,0,,1,1,2,2,2,3,3,1,2,2
251,,1,2,4,4,5,1,3,1,,3,2,4,2,1,2,4,1,1,1
252,3,2,1,4,5,2,,3,1,2,1,2,2,2,2,2,2,2,2,2
253,3,1,1,4,5,5,1,1,0,2,1,2,2,,3,3,3,2,2,2
254,4,1,1,4,5,5,1,2,1,2,1,2,3,2,2,2,2,2,2,2
255,4,1,1,6,5,5,1,2,0,2,1,2,2,2,2,2,,2,2,2
256,4,2,1,4,4,2,,2,0,2,1,2,1,2,2,2,2,2,2,2
257,3,1,1,4,5,5,1,1,0,2,1,2,2,1,2,2,,2,2,2
258,1,1,2,8,4,1,,1,0,3,1,2,2,1,2,2,,2,2,2
259,1,1,2,4,4,1,,1,0,3,1,2,2,1,2,2,2,2,2,2
260,1,2,2,,4,1,,2,1,3,1,2,2,2,2,2,,2,2,2
261,1,2,,5,4,1,,2,1,3,1,2,2,2,3,2,2,2,2,2
262,1,1,2,5,4,1,1,2,0,1,,2,2,1,2,2,2,2,2,2
263,1,2,2,6,5,1,,2,0,1,1,2,3,1,2,2,2,2,2,2
264,1,2,2,5,5,1,,1,,2,1,2,2,1,1,1,1,2,,
265,2,1,2,,5,1,2,1,0,3,3,1,2,2,2,2,2,1,1,1
266,5,1,1,6,3,5,2,1,2,2,1,1,1,1,3,4,4,2,2,2
267,2,1,1,,2,4,1,1,0,1,2,2,2,2,1,1,1,1,1,1
268,2,1,2,,5,1,,2,0,2,1,2,2,1,1,1,,2,,
269,2,2,1,,2,2,,1,0,2,1,1,2,1,1,2,2,2,,
270,2,1,2,4,5,5,1,1,0,2,1,2,1,1,2,3,3,2,2,1
271,2,1,2,5,5,5,1,2,0,2,1,1,1,1,2,3,3,2,2,2
272,2,2,1,5,2,2,,1,0,2,1,2,1,1,1,1,1,2,,
273,1,2,2,5,4,1,,1,0,2,1,1,1,2,1,1,,2,,
274,1,1,2,4,5,1,,1,1,3,3,2,2,2,1,1,,1,2,1
275,1,1,2,,5,,,1,1,3,1,2,2,2,3,3,,1,2,1
276,1,2,2,5,5,1,,2,1,,,2,2,2,3,3,,1,2,1
277,2,1,1,6,5,,2,1,2,2,1,2,2,2,2,3,2,2,,
278,2,1,1,3,5,5,2,1,1,2,3,2,2,1,2,3,3,2,,
279,3,1,1,4,4,3,2,,,2,1,2,2,1,1,1,3,2,,
280,1,1,1,4,5,5,1,3,1,3,3,2,2,2,1,3,,2,,
281,1,1,2,4,5,1,,2,1,3,2,2,2,2,2,2,2,1,1,1
282,1,1,2,,5,1,,3,,3,2,2,2,2,1,4,2,1,1,1
283,1,1,2,,5,1,,2,1,3,2,2,2,2,1,1,4,1,1,2
284,5,1,1,7,4,5,1,2,2,3,3&5,2,1,2,2,1,1,1,2,1
285,4,1,1,,3,,1,0,0,3,,2,3,2,3,,,1,2,2
286,3,1,1,4,5,5,2,2,12,3,1,2,2,2,1,4,3,2,2,1
287,4,1,1,5,5,5,2,3,2,3,1,2,2,2,1,3,2,2,,
288,2,1,1,4,6,5,2,2,1,3,3,2,2,2,3,3,2,2,,
289,3,1,2,6,5,4,1,1,,3,3,3,2,2,3,1,1,1,2,2
290,3,1,1,4,5,4,1,1,0,2,2,1,2,2,1,2,3,1,1,1
291,,1,2,9,3,5,2,2,3,3,3,2,2,2,1,1,3,2,2,1
292,2,1,1,3,4,5,1,1,0,2,1,1,2,1,2,3,4,2,,
293,1,1,2,4,,,,,,3,1,1,1,1,1,4,2,2,2,2
294,1,1,2,6,5,1,1,2,0,3,1,2,1,1,1,3,4,2,2,2
295,2,1,1,3,5,,1,1,0,2,1,2,2,1,1,1,1,2,,
296,1,2,2,,5,1,1,2,0,3,4,2,1,2,2,3,2,1,1,2
297,1,1,2,5,5,4,1,,,3,4,2,2,2,2,3,4,2,,
298,2,2,1,,3,,1,1,0,2,2,1,1,1,2,,3,2,1,2
299,1,1,2,,6,1,,0,0,3,1,3,2,1,1&2,2,2,2,2,2
300,1,1,2,6,4,5,1,1,0,2,2,2,2,2,1,4,4,1,1,1
301,2,1,1,3,5,4,2,2,1,2,3,2,2,2,2,3,3,1,2,1
302,4,1,1,5,5,4,1,3,1,2,1,2,2,2,2,3,2,1,2,1
303,2,1,1,2,5,4,1,2,0,2,1,2,1,2,2,2,2,1,2,1
304,1,1,2,6,4,5,1,2,0,3,1,2,2,2,2,3,3,2,2,2
305,5,1,2,1,3,5,1,0,0,,1,4,2,2,2,2,3,1,1,1
306,1,1,2,5,5,5,1,2,0,3,1,2,2,2,2,2,3,2,2,2
307,1,1,2,,4,5,1,2,0,3,2,2,2,2,2,2,3,1,2,1
308,2,1,2,3,5,4,2,4,2,3,1,4,2,1,1,2,3,2,2,2
309,2,1,2,4,5,4,2,3,1,3,1,2,2,1,2,3,2,2,2,2
310,1,1,1,3,5,4,2,3,1,2,6,2,2,1,2,3,2,2,2,2
311,1,1,2,5,5,4,2,3,1,2,1,4,2,1,2,3,2,2,2,2
312,1,1,2,4,,4,2,3,0,2,2,4,2,2,2,2,3,1,2,2
313,5,1,1,6,5,3,2,4,3,2,1,2,2,2,2,3,2,2,2,2
314,5,1,1,7,4,3,2,2,0,2,1,2,2,1,2,2,3,2,2,2
315,3,1,1,6,5,4,2,4,3,2,1,2,2,2,2,3,3,2,2,2
316,4,1,1,10,5,4,2,6,4,2,3,2,2,2,2,2,3,2,2,2
317,1,1,2,7,6,4,2,1,2,3,2,2,2,1,2,2,2,2,2,2
318,1,2,2,4,5,1,,2,0,2,2,2,1,1,2,2,3,2,2,2
319,1,2,2,5,5,1,,2,1,2,3,2,1,1,2,3,2,2,2,2
320,2,1,2,4,5,4,1,3,0,2,1,4,2,1,1,1,4,2,2,2
321,4,1,1,6,4,5,1,1,0,3,2,4,2,2,4,1,3,1,2,1
322,4,2,1,3,4,2,,3,1,2,3,1,1,2,2,2,3,2,2,2
323,4,2,1,5,5,2,,,2,2,2,3,2,2,2,2,3,2,2,2
324,6,2,1,6,3,2,,1,0,2,2,1,2,2,2,2,1,1,2,1
325,3,2,1,3,3,2,,2,0,2,2,1,2,2,2,3,2,1,2,1
326,2,1,1,4,5,4,1,4,2,3,3,1,2,2,3,2,3,2,2,2
327,2,1,1,8,5,5,1,4,2,3,3,2,2,2,2,3,4,2,2,2
328,3,1,1,4,4,5,1,2,0,3,1,2,1,2,3,1,4,1,2,2
329,1,2,2,4,5,1,,4,3,2,3,2,2,2,2,3,2,1,1,2
330,2,1,2,4,5,5,1,2,0,3,1,2,2,2,2,3,2,1,1,1
331,,1,1,5,3,4,1,1,0,3,1,2,2,3,,2,3,1,1,1
332,5,1,1,5,6,4,1,2,1,1,1,1,2,2,1,1,1,2,,
333,4,1,1,5,6,3,2,1,3,2,,1,2,1,1,1,1,,,
334,5,1,1,5,2,3,1,0,0,3,1,2,3,1,2,,4,,,
335,3,1,1,5,3,4,1,1,1,1,2,1,2,2,2,2,1,1,2,1
336,1,1,1,4,4,4,2,2,0,,2,1,1,1,2,4,3,2,2,2
337,2,1,1,12,3,,1,2,0,3,5,1,1,2,2,3,4,1,1,1
338,2,1,1,6,5,5,2,2,,3,6,1,1,1,2,4,4,2,2,2
339,1,1,2,6,5,1,,3,1,2,5,1,1,1,2,2,4,2,2,2
340,2,2,1,6,4,3,1,4,0,2,3,1,1,1,3,4,4,2,2,2
341,2,1,1,4,6,4,2,4,2,2,3,2,2,1,2,3,3,2,2,2
342,1,1,2,4,5,4,1,2,1,3,1,1,2,1,2,4,4,2,2,1
343,2,2,1,3,5,4,1,2,0,2,1,1,1,2,2,3,4,1,2,1
344,2,1,1,3,5,4,2,2,0,3,1,1,1,2,3,4,4,1,2,1
345,1,2,2,4,5,4,1,2,0,2,2,1,2,1,1,3,4,1,1,1
346,1,1,2,,3,4,1,1,0,2,1,1,1,1,3,4,4,2,2,2
347,3,1,1,6,5,5,1,2,0,2,1,1,1,1,1,3,4,2,2,2
348,2,1,1,5,5,4,1,1,1,3,1,2,2,1,2,2,2,2,2,2
349,3,2,1,6,4,5,,1,1,2,2,2,1,2,1,2,3,1,2,1
350,2,1,1,4,5,5,,0,2,2,1,2,2,2,1,2,2,1,2,1
351,1,2,1,9,5,1,,1,1,2,1,2,1,1,2,3,2,1,,
352,2,2,1,6,5,2,,0,1,2,1,1,1,1,2,2,3,2,,
353,4,1,1,3,6,4,,1,1,2,1,2,1,2,2,2,2,1,2,1
354,3,1,1,5,6,5,,0,2,2,1,1,2,1,1,2,3,2,,
355,5,2,1,9,3,2,,1,2,2,1,2,1,1,2,2,2,2,,
356,4,2,1,8,5,2,,1,1,2,1,2,1,1,2,2,2,2,,
357,3,2,1,4,5,4,1,1,2,2,1,1,2,1,2,2,2,2,,
358,1,1,2,6,5,3,1,1,1,2,1,1,2,1,2,2,3,2,,
359,1,1,2,4,6,5,1,1,1,2,1,1,2,2,2,2,2,1,1,1
360,1,2,2,5,5,2,,0,1,2,1,1,2,2,2,2,3,1,1,1
361,1,1,2,6,5,1,1,0,1,3,2,1,1,1,2,2,2,2,,
362,1,2,2,5,5,,,2,0,2,1,1,1,2,3,2,2,1,1,1
363,4,2,1,3,4,2,,1,0,2,1,1,2,2,3,2,2,1,1,1
364,3,2,1,5,4,2,,2,0,1,1,1,1,2,2,2,2,1,1,1
365,3,1,1,5,4,5,1,1,0,2,1,1,2,2,2,2,2,1,1,1
366,2,1,2,4,5,5,2,1,0,2,1,1,1,2,2,2,2,2,,
367,1,1,2,5,5,1,,2,0,2,1,1,1,2,2,2,2,1,1,1
368,1,1,2,5,5,1,,2,0,3,1,1,2,1,2,2,2,2,,
369,1,1,2,5,,1,,2,0,3,1,1,1,1,2,3,2,2,,
370,2,1,2,5,4,5,1,2,1,3,1,2,2,1,3,2,2,2,,
371,1,1,2,5,5,1,,1,0,3,1,1,2,1,2,2,2,2,,
372,2,1,1,,4,5,1,1,0,3,2,1,1,2,2,3,3,2,,
373,1,1,2,7,5,1,,1,2,2,1,1,2,1,2,2,2,2,,
374,2,2,1,7,5,2,,1,2,2,1,2,2,2,2,2,2,2,,
375,1,2,1,5,4,2,,1,0,2,1,1,2,1,3,3,2,2,,
376,3,1,1,4,5,3,1,1,2,2,1,2,1,1,1,2,2,2,,
377,3,1,1,7,6,4,1,1,2,2,1,1,1,2,1,3,2,1,2,1
378,3,1,1,,4,3,1,2,0,2,1,2,1,1,1,1,2,2,,
379,3,1,1,,4,4,1,2,0,2,1,2,2,2,2,3,2,2,,
380,3,2,1,6,4,2,,2,0,2,1,1,2,1,3,2,2,2,,
381,2,1,1,6,5,1,,1,1,2,1,2,1,1,2,2,2,2,,
382,1,2,2,4,5,1,,2,0,2,1,1,2,1,2,2,2,2,,
383,2,1,1,5,5,4,1,2,0,3,1,2,2,2,1,2,2,1,1,1
384,2,2,2,6,4,2,,2,0,2,1,1,2,1,1,2,4,2,,
385,2,2,2,,6,4,1,2,0,3,1,2,2,2,2,2,2,2,,
386,3,1,1,5,5,3,2,2,0,1,3,2,2,4,1,2,2,1,1,1
387,5,1,1,,5,4,1,1,0,2,2,2,2,2,2,2,1,2,,
388,3,1,1,7,5,5,1,2,1,2,1,2,1,2,2,3,2,1,2,1
389,1,2,1,7,6,,,2,1,2,1,2,2,2,2,1,1,1,2,1
390,1,1,2,7,5,1,,2,0,3,1,2,2,2,1,2,2,1,1,1
391,1,1,2,4,5,1,,2,0,3,1,2,2,2,1,2,2,2,,
392,1,1,2,6,5,1,1,2,1,3,1,2,2,2,1,4,2,1,1,2
393,2,2,1,7,5,5,1,1,2,2,1,2,2,,2,2,3,1,2,1
394,1,1,2,7,5,1,,2,0,3,3,2,1,2,1,2,3,1,1,1
395,1,1,2,4,5,1,,2,1,3,3,2,2,2,1,2,3,1,2,1
396,1,1,2,8,5,1,,2,1,3,3,2,1,1,2,3,2,2,,
397,1,1,2,5,5,1,,2,,1,1,2,2,2,1,4,4,2,2,2
398,3,1,2,6,5,1,,,,3,2,2,2,2,1,4,3,1,,1
399,1,1,2,,5,1,,2,0,3,2,2,2,2,1,4,4,2,2,2
400,2,1,2,,5,1,,1,0,1,2,2,2,1,1,3,3,2,2,2
401,1,1,2,,5,1,,2,1,2,2,2,2,2,4,3,3,2,2,2
402,1,1,2,3,4,1,,1,0,1,2,2,2,2,4,3,3,2,2,2
403,1,1,2,4,5,1,,1,0,2,2,2,2,2,4,3,4,2,2,2
404,1,1,2,,5,1,,1,0,3,2,2,2,2,3,3,3,2,2,2
405,1,2,2,4,5,1,,,,2,2,2,2,2,3,3,3,1,1,1
406,1,1,2,8,5,5,1,1,0,1,2,,,2,1,4,4,2,2,2
407,1,1,2,4,5,1,,,,1,1,2,2,2,3,3,3,2,2,2
408,1,2,2,9,5,1,,2,0,2,3,2,2,2,3,3,3,2,2,2
409,1,1,2,4,5,1,,2,0,2,2,2,2,2,3,3,3,2,2,2
410,1,1,2,5,5,1,,2,0,2,3,2,2,2,2,2,4,2,2,2
411,1,1,2,4,5,1,,2,0,3,1,2,2,2,3,3,3,1,1,1
412,1,1,2,4,5,1,,2,0,3,2,2,2,2,3,3,3,2,2,2
413,1,1,2,3,5,1,,2,0,1,3,2,2,2,1,4,3,1,1,1
414,1,1,2,4,4,1,,2,0,2,2,2,2,2,3,3,3,2,2,2
415,1,1,2,4,5,1,,2,0,,,2,2,2,3,3,3,1,1,1
416,1,1,2,5,5,1,1,1,0,1,4,2,2,2,2,2,1,1,2,2
417,1,1,2,4,5,1,1,1,0,3,1,2,2,1,2,3,4,1,2,1
418,1,2,2,5,5,1,1,1,1,3,2,2,2,2,2,4,4,1,1,1
419,1,1,2,4,5,1,1,1,0,2,1,2,2,2,4,4,4,1,2,2
420,1,1,2,15,5,1,1,1,0,2,1,1,1,1,1,1,3,1,2,1
421,1,1,2,4,5,1,1,1,0,3,2,1,1,1,2,2,2,1,2,1
422,1,1,2,6,5,1,1,1,0,3,1,3,1,1,1,1,2,1,2,1
423,1,1,2,5,5,1,1,1,0,3,4,2,2,2,2,3,4,1,1,2
424,1,1,2,5,5,1,1,1,0,3,1,1,1,2,1,1,3,1,2,1
425,5,1,1,5,5,3,1,2,1,2,3,2,2,2,2,3,,1,1,1
426,1,1,2,4,4,1,1,1,0,3,,1,1,2,1,1,3,1,2,1
427,1,1,2,5,5,1,1,1,0,2,1,2,2,1,2,3,,1,2,1
428,1,1,2,4,5,1,1,1,0,3,1,2,2,2,4,4,4,1,1,1
429,1,1,2,6,5,1,1,1,1,,1,3,3,2,4,4,4,1,2,2
430,1,1,2,5,5,1,1,1,0,2,1,3,3,2,4,4,4,1,1,2
431,1,1,1,5,5,3,1,1,1,,1,3,3,2,4,4,4,1,1,1
432,3,1,1,5,6,5,2,2,1,2,1,1,1,2,4,1,1,2,2,2
433,3,2,1,4,5,2,1,3,1,2,1,1,1,2,2,2,2,2,2,2
434,3,1,1,4,5,5,2,3,1,1,1,1,1,2,2,3,1,2,2,2
435,6,1,1,15,3,4,1,2,0,3,3,1,1,2,1,2,2,1,1,1
436,1,1,2,6,5,1,1,1,2,3,3,1,1,2,1,2,2,2,1,1
437,5,1,1,4,5,5,1,2,0,1,,1,1,2,1,4,1,1,1,1
438,2,2,1,7,5,2,1,3,1,2,3,2,2,2,2,2,2,1,2,1
439,2,1,1,7,5,4,,3,1,2,3,2,2,2,1,4,2,1,2,1
440,3,1,1,4,5,3,1,2,1,2,1,1,2,1,3,3,2,2,,
441,2,1,2,4,5,1,,2,0,3,1,1,1,2,2,2,2,2,,
442,1,1,2,5,5,1,,1,0,3,1,1,1,2,2,3,2,2,,
443,1,2,2,4,5,1,,2,1,2,1,1,1,1,2,2,2,2,,
444,3,2,1,4,4,2,,2,1,2,1,1,1,1,2,2,2,2,,
445,1,2,2,,5,1,,1,0,3,2,2,2,,2,2,1,2,,
446,1,2,2,,5,1,,1,0,3,2,2,2,,2,2,1,1,2,1
447,1,2,2,,5,1,,2,0,3,2,2,2,2,2,2,1,1,2,1
448,,2,2,,5,1,,2,0,2,1,2,2,,2,2,1,2,,
449,2,2,2,5,5,1,,1,0,,1,2,2,,2,2,1,2,,
450,2,1,2,4,6,4,1,2,0,2,2,2,2,1,2,2,1,2,,
451,2,1,2,5,6,4,1,2,0,,1,2,2,1,2,2,1,2,,
452,4,2,1,7,4,2,,3,1,2,3,2,2,2,1,2,2,1,2,1
453,5,1,1,7,4,3,,3,1,2,3,2,2,2,1,4,2,2,,
454,1,1,2,6,5,1,,1,0,3,1,2,2,1,3,3,3,2,,
455,2,1,1,,5,5,1,1,1,,1,1,1,1,1,,1,2,,
456,4,1,1,8,5,3,1,1,1,3,2,2,2,2,2,4,3,1,2,1
457,1,2,2,6,5,1,,1,1,2,1,2,1,1,1,2,3,2,,
458,2,1,1,,5,4,1,2,1,3,3,4,2,2,3,,3,1,2,1
459,1,1,1,3,5,5,1,1,0,2,1,2,1,2,2,2,3,2,,
460,4,2,1,,5,5,1,2,0,2,1,2,1,2,2,3,1,1,2,1
461,3,1,1,4,5,4,1,1,0,2,2,1,1,2,1,2,3,2,,
462,1,1,2,6,5,1,,1,0,2,1,2,2,2,3,2,3,2,,
463,1,1,2,6,5,5,1,1,0,2,3,2,2,2,2,4,3,2,,
464,1,1,2,4,5,1,,2,0,3,1,2,1,,2,4,3,2,,
465,1,1,2,4,5,1,,2,0,3,1,2,1,,3,3,2,2,,
466,1,1,2,,5,1,1,2,1,3,1,1,1,2,1,4,4,2,,
467,1,2,2,5,5,4,,1,0,2,1,2,1,,1,4,3,1,2,1
468,1,1,2,6,5,1,1,2,0,3,1,1,1,,1,2,2,2,,
469,1,2,2,,5,1,1,2,1,3,1,2,1,,1,1,1,2,,
470,1,2,2,5,5,1,,1,1,3,3,1,1,2,1,2,1,1,2,1
471,1,2,2,,5,1,,2,1,2,1,2,1,2,1,4,3,2,,
472,2,1,1,,6,3,1,2,1,2,1,2,2,2,1,2,3,2,,
473,3,2,1,,4,2,,1,0,2,1,1,2,1,3,3,2,2,,
474,4,2,1,4,4,2,,2,1,2,1,1,1,2,2,2,2,1,1,1
475,3,1,1,5,4,6,1,1,0,2,1,1,1,1,2,2,2,2,,
476,4,1,1,4,5,5,2,2,1,2,1,1,1,2,2,3,3,1,1,1
477,2,1,1,5,5,1,1,2,0,3,1,1,1,2,2,3,2,2,,
478,2,3,2,4,4,5,2,6,1,3,3,1,2,2,2,2,2,1,1,1
479,1,1,1,2,4,,,0,0,4,1,2,2,,3,3,3,2,,
480,1,2,2,12,5,5,1,1,0,3,1,2,3,,4,4,4,1,1,1
481,1,1,2,,5,1,1,2,0,3,1,2,2,2,4,4,4,2,,
482,3,2,1,4,4,2,,1,0,2,1,2,2,2,4,4,4,2,,
483,3,1,1,4,,3,1,2,0,2,1,2,4,1,4,4,4,2,,
484,6,2,1,4,2,2,,0,0,4,1,2,2,2,4,4,4,2,,
485,6,1,1,4,3,4,1,0,0,4,1,2,2,2,4,4,4,2,,
486,2,1,1,3,5,3,1,1,0,3,4,2,2,2,3,3,2,1,1,1
487,1,1,2,4,1,5,1,0,0,1,4,2,2,2,2,3,2,2,,
488,2,2,2,3,5,4,1,1,0,3,2,2,2,1,2,2,2,2,,
489,5,1,1,5,3,3,2,2,0,2,2,2,2,2,2,1,1,2,,
490,1,2,2,3,5,1,1,1,0,3,3,2,2,1,4,4,4,2,,
491,1,1,2,,5,3,1,0,0,1,,2,2,,4,2,2,2,,
492,2,1,1,3,5,4,1,1,0,2,5,2,2,1,4,4,4,1,1,1
493,6,,1,,2,3,2,1,1,2,3,2,2,2,3,4,4,1,1,1
494,3,1,1,4,5,4,1,0,0,2,5,2,2,,4,4,3,2,,
495,1,2,1,,4,2,,1,0,2,3,2,2,1,4,4,3,2,,
496,5,1,1,8,6,5,,3,2,2,1,1,1,1,1,4,3,2,2,2
497,3,1,1,6,4,5,,2,0,2,1,2,2,2,2,4,4,1,1,1
498,2,1,1,6,5,5,1,2,1,3,1,1,1,1,2,4,3,1,2,1
499,2,1,1,5,6,5,2,3,1,2,1,1,1,1,2,4,4,2,2,2
500,1,1,2,2,5,5,1,2,2,1,1,1,1,2,1,3,4,1,1,1
501,2,1,1,3,5,5,1,3,1,3,2,2,2,2,3,2,1,1,1,1
502,3,1,1,5,5,5,2,2,2,2,3,1,1&2,2,3,2,1,1,1,1
503,5,1,1,6,6,3,2,2,1,2,1,2,1,2,2,2,2,2,2,2
504,4,1,1,5,4,5,1,2,1,3,1,2,2,1,2,2,1,2,2,2
505,6,1,1,3,5,4,1,2,0,3,1,2,2,1,3,2,1,1,1,1
506,1,2,2,5,4,1,,2,1,2,1,2,2,2,2,1,4,2,2,2
507,2,2,1,3,6,4,1,2,1,2,3,2,2,2,3,2,1,1,1,1
508,3,2,1,4,4,2,,2,1,2,1,2,2,2,3,2,1,1,1,1
509,4,2,1,3,5,3,2,2,2,2,1,2,2,1,2,2,1,2,2,2
510,5,2,1,6,4,2,,2,0,2,2,2,2,2,3,2,1,2,2,2
511,6,2,1,8,5,5,2,2,2,2,3,2,2,2,2,2,1,2,2,2
512,2,1,1,5,5,4,1,2,1,2,2,2,2,1,2,2,2,1,1,1
513,2,2,1,5,5,4,1,2,0,2,2,2,2,1,2,2,2,1,1,1
514,1,1,2,3,4,4,1,1,1,3,1,2,2,1,3,2,1,1,1,1
515,1,1,2,6,5,1,,1,0,3,1,1,1,2,2,4,4,2,2,2
516,2,1,1,5,3,4,1,1,0,3,1,1,1,2,1,4,4,1,1,1
517,4,1,1,8,5,3,1,1,1,2,3,1,1,2,1,1,4,1,1,1
518,1,1,2,5,5,1,,1,0,3,1,1,1,2,1,1,4,1,1,1
519,1,1,2,4,5,1,,1,0,3,1,1,1,2,2,4,4,1,1,1
520,1,1,2,5,5,1,,1,0,3,1,1,1,,1,4,4,2,2,2
521,1,1,2,4,5,1,,1,0,2,1,1,1,2,4,4,,2,2,2
522,1,1,2,5,5,1,,1,0,2,1,1,1,2,3,2,4,1,1,1
523,1,1,2,4,5,1,,1,0,2,1,1,1,2,3,4,4,2,2,2
524,2,1,1,4,4,4,1,1,0,2,2,1,1,2,4,4,4,2,2,2
525,1,1,2,6,5,1,1,1,1,3,1,1,1,,4,4,4,1,1,1
526,1,1,1,4,5,4,1,1,1,2,1,1,1,2,4,3,4,2,2,2
527,1,1,2,7,5,1,,1,1,3,1,1,1,2,4,4,4,2,2,2
528,2,1,1,6,2,5,1,1,0,1,1,1,1,2,1,1,4,1,1,1
529,1,1,2,4,5,5,1,1,1,2,1,1,1,1,1,1,3,2,2,2
530,1,1,1,7,4,3,1,1,1,2,1,1,2,2,1,4,4,2,2,2
531,1,1,2,3,2,1,,2,0,3,1,1,1,2,1,4,4,2,2,2
532,1,1,2,7,4,1,,1,0,2,1,1,1,2,1,4,4,2,2,2
533,2,1,1,8,5,4,1,1,1,2,1,1,1,2,1,4,4,1,1,1
534,1,1,2,4,5,1,,1,1,3,1,1,1,2,1,1,4,1,1,1
535,1,1,2,6,5,1,,2,0,3,1,2,2,1,1,4,4,2,2,2
536,1,2,2,5,5,4,1,1,0,3,1,2,2,2,2,3,4,1,1,1
537,1,2,2,4,4,4,1,2,0,2,1,2,2,2,2,4,3,2,2,2
538,2,2,1,,5,4,1,2,0,2,2,1,1,2,2,3,4,1,1,1
539,3,2,1,6,5,4,1,2,0,3,2,2,2,2,1,4,4,2,,
540,2,1,1,7,4,5,1,2,1,3,1,2,2,1,1,4,4,2,2,2
541,3,1,1,,,,,,,,1,1,2,1,1,3,2,2,2,2
542,5,1,1,6,3,2,,1,0,1,1,1,2,2,1,1,3,1,1,1
543,2,1,2,,6,5,1,2,2,3,6,1,1,1,2,3,3,2,2,2
544,1,1,2,5,5,1,,2,1,3,4,1,2,2,1,3,1,1,2,1
545,3,1,1,7,4,5,1,0,0,3,1,1,2,2,1,1,3,1,1,1
546,2,1,2,3,2,4,1,0,0,3,2,1,1,,3,4,4,1,2,1
547,1,1,2,,3,4,1,1,0,3,1,1,1,2,1,1,3,1,1,1
548,5,1,2,2,5,4,1,0,0,2,2,,,2,,,,1,1,1
549,1,1,2,5,5,1,,1,0,1,1,2,1,1,1,2,4,2,2,2
550,4,1,1,,3,5,1,1,0,2,1,1,,2,,,,1,1,1
551,2,1,2,5,4,4,1,2,0,3,1,1,1,2,1,1,2,1,1,1
552,2,1,1,6,3,3,1,2,0,2,4,1,1,2,1,1,4,1,2,1
553,3,1,1,4,4,5,1,3,2,3,1,1,1,1,1,2,3,2,2,2
554,2,1,1,4,5,5,1,2,2,3,,1,2,2,1,1,3,2,2,2
555,1,1,1,6,5,4,1,3,1,,1,1,1,1,1,4,3,1,1,1
556,,1,1,,,,,1,0,2,,1,2,1,,,,1,1,1
557,,1,1,,,3,,2,,,1,1,1,1,,,,1,1,1
558,6,1,1,8,5,3,1,2,1,1,2,2,2,2,1,4,4,1,1,2
559,1,1,2,6,4,,,2,0,3,1,1,2,2,1,3,,1,1,1
560,2,1,2,5,5,1,,0,0,3,1,2,4,2,2,2,3,2,1,2
561,1,1,2,5,4,1,1,1,0,1,1,1,2,2,2,4,2,1,1,2
562,,1,1,8,6,4,1,2,0,1,1,2,2,2,2,,4,1,2,1
563,1,1,2,7,4,1,,1,,3,2,1,,2,1,4,,1,1,1
564,,1,1,5,,,,0,0,,3&5,,,1,1,1,3,2,2,2
565,4,1,1,6,2,5,1,0,0,1,1,1,4,2,1,1,1,1,1,1
566,3,1,1,,4,5,1,1,0,,1,4,3,2,,,,1,1,2
567,6,1,1,,6,,1,0,7,1,1,1,2,2,2,3,,1,1,1
568,1,1,2,4,5,1,,1,0,3,4,2,2,2,2,2,2,1,2,1
569,1,1,2,4,5,1,,3,1,3,4,1,2,2,2,2,2,1,1,1
570,4,1,1,3,5,3,1,1,1,2,1,2,1,1,2,2,2,2,,
571,1,2,1,4,5,2,1,1,0,,1,2,2,2,2,2,2,2,,
572,3,2,1,3,4,2,,1,1,2,1,2,2,1,3,2,2,2,,
573,2,1,1,5,6,4,1,1,0,2,1,1,2,1,2,3,2,2,,
574,2,2,1,6,4,2,,3,0,2,1,2,2,2,3,3,2,1,1,1
575,2,1,2,4,5,4,1,0,2,2,3,2,1,2,1,2,2,1,1,1
576,1,2,2,6,,2,,,,2,1,2,1,1,2,3,3,1,2,1
577,5,1,1,6,5,5,1,1,1,2,3,2,1,2,2,2,2,2,,
578,3,1,1,4,5,5,1,1,0,2,1,1,2,2,2,3,3,2,2,
579,1,1,2,,4,1,,2,0,3,1,1,2,2,1,3,3,1,1,1
580,1,1,1,5,5,1,,1,0,3,2,2,2,1,3,2,2,2,,
581,3,1,1,4,5,5,1,2,1,2,1,2,2,2,1,2,2,1,1,1
582,1,1,2,7,5,1,,1,0,3,2,1,2,1,3,3,3,1,2,1
583,2,1,1,3,6,5,2,1,1,2,1,1,2,2,1,3,2,,,
584,1,2,2,6,5,1,,2,2,2,1,1,2,2,2,2,2,1,1,1
585,1,1,2,5,6,1,1,1,0,3,4,2,2,2,4,1,2,1,2,1
586,1,1,2,5,5,1,,10,1,3,4,2,1,2,4,4,2,1,2,1
587,1,1,2,4,5,1,,0,0,,4,2,3,2,,,,1,1,1
588,3,1,1,4,4,4,2,1,1,2,1,2,2,2,1,4,4,1,1,1
589,1,1,2,,4,1,,2,1,1,1,2,2,1,1,1,1,2,2,
590,4,1,1,5,6,3,1,,,1,1,3,3,2,3,3,4,2,,
591,,1,2,4,5,1,1,1,,3,1,2,2,2,1,1,1,1,1,1
592,1,2,1,5,4,2,1,3,1,2,1,2,2,1,1,3,4,2,,
593,2,1,2,,5,4,1,1,1,3,4,2,2,2,1,,,1,1,1
594,1,1,2,,3,,,0,0,1,1,2,,2,2,2,4,1,2,2
595,3,1,1,5,6,5,2,0,0,3,1,5,2,2,2,2,1,1,1,2
596,4,1,1,6,4,5,2,0,1,2,2,3,2,2,2,2,3,1,,1
597,2,2,1,5,1,2,,0,0,2,1,3,2,2,2,3,3,1,2,1
598,1,1,2,4,5,1,1,1,0,1,1,1,1,1,1,1,4,1,2,1
599,1,1,2,2,5,4,1,2,0,3,2,2,2,2,3,2,3,1,2,2
600,1,1,2,3,3,5,1,1,0,3,1,2,2,2,3,2,4,1,2,1
601,1,1,2,5,5,1,1,2,0,3,1,4,4,1,4,4,4,2,2,2
602,1,1,2,3,5,1,1,2,0,3,1,2,4,1,4,4,4,2,2,2
603,1,1,2,7,5,1,1,3,0,3,1,2,2,1,4,4,4,2,2,2
604,1,1,2,9,5,1,1,2,0,3,1,2,2,1,4,3,3,2,2,2
605,4,2,1,6,,2,,2,0,2,1,1,2,1,3,3,2,2,,
606,2,1,2,6,5,5,1,2,0,2,1,1,2,2,2,2,2,1,1,1
607,4,2,1,6,4,2,1,1,0,2,1,1,2,1,3,3,2,2,,
608,1,1,1,4,5,5,1,1,0,3,1,2,1,2,4,3,2,2,,
609,3,1,1,3,5,5,1,1,1,3,1,2,2,2,,,,1,1,2
610,2,,2,,5,1,1,2,0,3,1,2,2,,3,3,2,2,2,2
611,1,2,2,3,6,1,,1,0,2,1,2,2,1,2,,,1,1,1
612,3,1,2,3,6,5,1,1,0,2,1,5,2,1,1,4,1,2,2,2
613,2,1,1,3,5,4,1,1,0,2,4,,,,,,,1,1,1
614,1,2,2,,4,1,,2,1,,,2,2,2,1,,,1,,2
615,3,2,1,4,3,5,1,1,0,2,1,,,1,1,1,,1,1,1
616,1,1,2,4,5,4,1,2,1,3,,2,2,2,2,3,4,2,2,2
617,4,1,1,,1,5,,0,0,1,1,2,2,2,3,3,2,2,2,2
618,5,2,1,,5,2,,2,1,,1,2,2,1,3,3,,2,2,2
619,2,2,1,,5,2,,2,1,2,3,2,2,,3,4,3,2,2,2
620,4,1,1,5,6,3,1,2,1,3,1,2,2,2,2,2,4,1,1,2
621,3,1,1,,4,5,1,2,0,3,1,2,,1,1,2,2,2,2,2
622,4,1,1,5,6,3,,2,2,,1,2,2,,3,2,2,2,2,2
623,2,1,2,7,5,4,1,0,0,3,1,2,2,2,2,3,3,1,1,1
624,4,1,1,3,4,5,2,1,1,3,1,2,2,2,3,3,,2,2,2
625,4,2,1,,4,2,,2,0,2,1,2,2,2,3,2,,2,2,2
626,4,2,1,,4,2,,2,2,2,3,2,2,2,2,2,,2,2,2
627,5,2,,,4,2,,2,0,2,1,2,2,2,3,3,,2,2,2
628,6,1,1,2,5,3,2,,1,2,1,2,2,1,4,1,4,1,1,1
629,5,2,1,1,4,2,,,,2,1,2,2,2,4,1,4,1,2,1
630,1,1,2,6,5,4,1,5,1,2,3,2,2,2,4,1,4,2,2,2
631,1,1,2,5,4,3,1,1,,1,1,2,2,2,1,4,4,1,1,1
632,4,1,1,,3,4,1,,,,,2,2,2,1,4,4,1,1,1
633,3,1,1,4,,,,2,0,,2,2,2,2,2,,,1,1,2
634,6,1,1,3,4,5,1,1,1,2,3,2,2,2,1,4,4,2,2,2
635,,1,2,10,3,5,1,0,0,3,,1,3,2,2,2,1,2,2,2
636,3,1,1,9,5,4,1,1,0,1,1,1,2,2,4,4,4,1,1,1
637,5,1,1,5,3,5,1,1,,1,1,2,2,2,1,4,4,2,2,2
638,1,1,2,6,4,5,1,1,,3,1,2,2,2,,,,2,2,2
639,5,1,1,6,5,5,1,2,,3,1,2,,1,1,4,4,2,2,2
640,3,1,1,3,3,4,1,,,1,1,2,2,2,1,4,4,1,1,1
641,,1,2,4,5,1,,3,1,,1,2,2,1,1,1,1,1,1,1
642,2,1,2,4,5,5,2,2,1,1,1,1,1,2,2,3,2,2,2,2
643,3,1,1,4,3,5,1,1,0,3,2,2,2,2,2,2,3,1,1,2
644,2,1,1,5,3,4,1,2,1,1,1,2,2,2,2,2,,1,1,1
645,2,1,2,5,3,5,1,0,0,3,2,2,2,2,3,3,2,1,1,1
646,1,1,2,5,5,5,1,0,0,3,3,,,2,3,3,2,1,1,1
647,3,1,1,8,5,4,1,1,0,1,3,,,2,3,3,2,2,2,2
648,2,1,2,12,4,5,,0,0,1,1,2,1,1,2,3,2,2,2,2
649,1,1,2,7,4,1,,1,0,2,4,2,2,2,2,3,2,1,1,1
650,5,1,1,6,5,3,1,2,1,1,2,1,1,2,1,3,2,1,1,1
651,2,1,2,3,5,4,1,1,,1,4,2,2,2,1,1,,2,,
652,1,1,2,5,5,1,1,2,0,3,1,4,2,2,1,4,3,1,1,1
653,,1,1,,,,,4,1,2,,2,2,2,2,3,,1,1,2
654,1,1,2,16,5,4,1,0,0,3,1,2,,1,2,4,4,2,2,2
655,1,1,2,5,6,1,,2,2,3,1,,,2,2,2,1,1,2,
656,3,1,1,8,3,5,1,1,1,1,,2,2,1,2,2,2,2,2,2
657,2,1,1,5,4,5,1,2,0,2,1,2,2,1,2,3,2,1,1,1
658,1,1,2,5,5,1,,0,0,2,1,2,2,1,2,2,2,2,2,2
659,1,1,2,40,4,5,1,2,0,1,,2,2,2,3,3,2,1,2,1
660,1,1,1,,3,4,1,0,0,2,1,2,2,2,3,3,2,1,1,1
661,6,1,1,10,6,3,1,2,0,2,1,2,2,1,2,3,2,1,1,1
662,1,1,1,8,3,5,2,2,2,2,1,1,2,1,1,1,4,2,1,1
663,1,1,2,5,4,4,1,2,0,3,3,2,2,2,3,3,3,2,2,2
664,1,1,2,,4,1,,1,1,3,1,1,1,2,4,2,1,1,1,1
665,2,1,1,2,6,5,1,1,0,,1,4,4,2,1,4,2,2,2,2
666,1,1,2,2,4,1,1,0,0,2,2,4,2,2,4,4,2,1,1,1
667,2,2,1,,1,2,,1,0,2,1,1,2,2,1,1,,1,1,1
668,,1,1,4,5,3,1,0,0,2,2,2,2,2,1,4,2,1,1,1
669,3,1,1,10,6,5,1,1,0,3,1,1,1,1,2,2,2,2,1,2
670,2,1,1,4,2,4,1,,,3,,2,2,2,1,4,4,1,1,1
671,2,1,1,4,6,4,2,4,1,,3,1,1,1,1,3,4,2,2,2
672,2,1,2,5,6,4,2,4,1,3,1,1,2,1,2,3,4,2,2,2
673,4,1,1,5,5,3,1,2,0,2,1,1,1,1,2,4,4,1,1,1
674,3,2,1,4,4,2,1,2,0,2,1,1,1,1,4,3,4,2,2,2
675,4,1,1,,4,3,1,3,1,,3,1,1,1,3,3,4,2,2,2
676,3,2,1,5,,4,1,3,1,,3,1,1,2,3,3,4,1,2,1
677,1,2,2,4,4,1,,1,0,1,2,2,2,1,2,2,2,2,2,2
678,6,1,1,5,5,5,1,2,1,1,1,1,1,1,2,3,4,2,2,2
679,1,1,2,8,4,4,1,1,0,2,6,1,1,1,1,3,4,2,,2
680,2,1,1,2,3,5,,3,1,,2,1,1,1,1,3,4,1,1,1
681,2,1,2,,4,4,1,1,0,1,1,2,2,2,2,3,4,1,1,1
682,1,2,2,4,5,1,,1,0,2,2,1,1,1,1,2,4,2,2,2
683,2,1,1,3,5,4,1,2,0,2,1,1,2,2,2,3,4,1,1,1
684,2,2,1,5,6,3,2,3,1,2,2,1,1,1,1,3,4,2,2,2
685,1,1,2,3,4,4,1,2,0,2,1,3,3,1,4,4,4,1,1,1
686,2,1,2,,5,4,1,2,0,3,1,2,1,2,1,4,2,1,,1
687,2,1,2,8,5,4,1,2,0,3,1,2,1,2,1,4,2,2,,
688,1,1,2,5,5,5,1,1,0,3,2,2,2,2,1,4,2,1,1,2
689,1,1,2,6,4,5,1,1,0,3,2,2,2,2,1,2,2,2,,
690,1,1,2,7,3,5,1,2,0,3,2,2,2,2,1,2,2,1,1,2
691,1,1,2,,5,5,1,2,0,3,2,2,1,2,1,4,2,1,1,2
692,2,1,1,4,4,3,,1,0,2,1,1,1,1,2,3,4,2,2,2
693,1,1,2,,4,5,1,1,0,3,,2,1,2,2,2,1,1,1,1
694,1,1,2,6,5,5,2,2,0,3,2,2,1,2,1,4,2,1,1,1
695,2,1,2,,4,,1,2,0,3,2,2,2,2,1,,4,1,1,2
696,2,1,2,,5,4,1,2,0,3,1,2,1,2,1,2,2,2,,
697,2,1,1,,5,5,1,2,0,3,1,2,1,2,1,2,2,1,2,1
698,2,1,1,,6,4,2,2,1,2,2,2,2,1,1,4,4,2,,
699,1,1,2,,5,5,1,2,0,3,2,2,1,,1,4,2,1,1,2
700,3,1,1,4,5,3,1,2,0,2,2,2,1,2,1,1,2,1,2,1
701,4,1,2,2,2,5,1,,,1,1,2,2,2,,,,1,1,1
702,5,1,1,9,4,4,,2,,2,4,2,2,2,1,4,4,1,1,1
703,1,1,2,7,5,,,1,,3,1,2,2,2,1,4,4,2,2,2
704,4,1,1,12,2,5,1,,,1,2,2,2,2,1,4,4,1,1,1
705,1,2,2,6,6,3,1,5,1,2,3,5,1,2,1,2,2,1,1,1
706,,1,2,5,5,1,,1,0,3,,2,2,2,1,4,4,1,1,1
707,4,1,1,4,2,4,1,0,0,,1,2,2,2,4,4,4,1,1,1
708,4,2,1,4,5,3,2,1,0,2,1,2,2,2,4,3,4,1,1,1
709,1,1,2,6,5,1,1,2,0,3,1,2,2,1,4,4,4,2,2,2
710,2,1,2,4,5,4,1,1,0,,1,2,2,1,2,2,3,1,1,1
711,3,2,1,3,5,4,1,2,1,2,2,2,2,,3,3,4,2,2,2
712,4,2,1,4,4,2,,1,1,2,1,2,2,1,2,2,2,2,2,2
713,2,1,1,3,5,4,1,1,0,3,1,2,2,,2,2,2,2,2,2
714,4,1,1,4,5,3,2,2,2,2,3,2,2,2,3,2,2,1,1,1
715,5,1,1,6,4,,,,2,2,2,1,2,2,1,1,3,2,2,2
716,2,1,1,,5,4,1,1,1,3,1,2,2,2,2,2,2,1,1,1
717,2,1,1,4,5,4,1,1,1,3,3,2,2,,4,4,4,2,2,2
718,3,1,1,6,3,5,1,1,0,3,1,2,2,1,3,3,3,2,2,2
719,2,1,,4,5,5,1,1,0,,1,2,2,1,3,3,3,2,2,2
720,1,1,2,11,4,1,,1,0,2,1,2,2,2,3,3,3,2,2,2
721,1,1,2,6,5,1,,1,0,,,2,3,1,3,3,3,2,2,2
722,2,1,2,6,5,3,1,3,0,3,1,3,2,1,3,3,3,2,2,2
723,1,1,2,4,4,5,1,1,0,,1,2,2,,3,3,3,2,2,2
724,1,1,2,6,4,1,,0,0,2,3,2,2,2,3,3,3,2,2,2
725,1,1,2,6,4,5,,0,0,3,1,2,2,2,3,3,2,1,2,1
726,6,1,1,12,1,5,1,1,0,2,1,2,2,2,2,4,4,2,2,2
727,1,1,2,7,5,1,,1,0,1,1,2,2,2,1,4,4,1,1,1
728,1,2,3,4,5,6,1,1,0,1,2,5,1,2,2,2,2,1,1,1
729,2,1,2,7,5,1,,2,0,3,1,2,2,2,1,4,4,2,2,2
730,3,1,1,5,6,5,2,2,1,2,2,1,1,2,1,4,4,2,2,2
731,3,1,1,4,4,4,1,1,0,2,1,1,1,2,1,4,4,1,1,1
732,4,1,1,5,5,4,1,2,1,2,,1,1,2,1,4,3,1,1,1
733,1,1,2,3,5,1,,2,0,3,1,2,2,1,2,4,4,2,2,2
734,1,1,2,4,4,1,,2,1,2,1,2,2,2,1,4,4,1,1,1
735,3,1,1,4,6,3,1,1,1,1,1,2,1,2,1,1,4,2,2,2
736,3,1,1,6,4,5,1,0,0,3,4,2,2,2,1,1,4,2,2,2
737,3,1,1,,6,4,1,1,1,2,1,2,2,2,3,3,,2,2,2
738,2,2,1,4,5,2,,1,1,2,3,2,2,2,3,3,3,1,1,1
739,1,1,2,4,4,1,,1,0,3,1,2,2,2,3,3,3,2,2,2
740,1,1,2,5,6,1,,1,0,,,2,2,,4,,4,1,2,1
741,2,1,2,6,1,5,,0,0,,1,2,2,,3,,3,2,2,1
742,2,1,1,6,5,3,1,2,1,2,1,2,2,2,2,2,3,2,2,2
743,4,1,1,6,5,5,1,1,1,,1,2,2,,2,2,3,2,2,2
744,3,1,1,4,5,5,1,1,1,2,1,2,2,2,3,4,3,1,1,1
745,4,1,1,2,4,5,1,2,1,2,1,2,2,2,3,3,3,2,2,2
746,1,1,2,7,3,5,,0,0,3,1,2,2,1,2,2,,2,2,2
747,1,1,2,3,6,5,1,1,0,3,1,2,2,1,2,2,2,2,2,2
748,1,1,2,4,2,4,1,1,0,3,1,2,2,2,2,2,2,2,2,2
749,1,1,1,6,3,5,1,0,0,3,1,2,,2,4,3,4,2,2,2
750,3,1,1,4,4,5,1,0,0,3,1,2,2,1,3,3,2,2,2,2
751,1,1,2,18,5,1,,2,0,3,1,3,3,1,4,4,4,2,2,2
752,2,1,1,4,3,5,1,1,1,3,1,4,4,1,4,4,4,2,2,2
753,1,1,2,9,3,5,1,2,1,2,1,3,3,1,4,4,4,2,2,2
754,2,1,1,3,2,4,1,0,0,2,1,4,4,1,4,4,4,1,1,1
755,1,1,2,7,2,1,,0,0,3,3,2,2,1,3,3,2,2,2,2
756,5,1,1,2,2,5,1,1,0,3,3,2,2,2,3,3,3,1,2,1
757,1,1,2,5,6,3,2,1,0,3,3,2,2,3,3,2,2,2,2,2
758,1,1,2,6,3,1,,2,0,3,2,2,2,2,1,4,4,1,1,1
759,1,1,2,8,1,5,1,0,0,3,2,2,2,2,1,4,4,1,1,1
760,4,1,1,8,5,4,1,3,2,2,1,1,1,2,1,4,4,2,2,2
761,4,1,1,6,6,5,2,2,1,2,1,1,1,1,1,4,4,2,2,2
762,4,2,1,8,6,5,2,3,2,,1,1,1,2,1,4,4,2,2,2
763,1,1,2,4,3,4,1,2,1,2,2,2,1,2,2,1,3,2,2,1
764,1,1,2,4,6,1,,3,1,3,1,1,2,2,1,4,4,1,1,1
765,2,1,1,5,4,5,1,1,0,3,2,2,2,1,2,4,3,2,2,2
766,1,1,2,3,5,1,,2,0,3,1,2,2,1,2,2,2,2,2,2
767,1,1,2,5,5,1,,2,1,3,1,2,2,2,2,2,2,1,1,1
768,2,1,1,3,5,4,1,2,0,3,2,2,2,,2,2,2,2,2,2
769,3,1,1,7,6,3,2,2,2,2,1,2,2,,2,2,2,2,2,2
770,2,1,2,5,5,4,1,2,0,3,1,2,2,,2,2,2,1,1,1
771,2,2,1,2,5,2,,2,1,2,1,2,2,2,2,2,3,1,1,1
772,3,1,1,4,5,4,1,1,1,3,2,2,2,2,2,2,2,1,1,1
773,3,1,1,3,5,3,1,2,1,3,2,2,2,,1,4,4,1,1,1
774,1,2,2,,5,1,,1,1,3,2,1,2,2,1,2,4,1,1,1
775,3,2,1,3,4,2,,1,1,2,2,2,2,,2,2,2,1,1,1
776,1,1,2,4,5,1,,2,1,3,3,2,2,2,3,2,4,1,1,1
777,1,1,2,,3,1,,1,1,2,1,,1,2,1,1,4,2,2,2
778,1,1,2,7,4,1,,1,1,2,1,2,1,2,3,4,4,2,2,2
779,1,1,2,5,3,5,1,1,0,1,1,4,4,1,4,4,4,1,1,1
780,1,2,2,4,5,1,,1,1,2,1,3,3,1,4,4,4,1,1,1
781,2,1,1,5,5,5,1,1,0,3,1,4,4,1,4,4,4,2,2,2
782,4,1,1,6,3,3,1,1,1,2,1,2,2,1,4,3,4,1,1,1
783,1,1,2,4,3,4,1,2,0,2,1,4,4,1,4,4,4,1,1,1
784,4,1,1,3,4,4,1,1,0,3,5,2,2,1,3,3,,1,1,1
785,5,1,1,2,3,5,1,1,0,3,3,2,2,2,3,3,2,1,1,1
786,6,1,1,4,6,3,2,2,1,2,3,1,2,2,2,3,2,2,2,2
787,3,1,1,3,6,4,2,2,1,2,3,2,1,2,2,2,1,1,2,1
788,3,1,1,4,5,4,1,2,0,1,1,2,2,1,2,2,3,2,2,2
789,3,1,1,2,5,3,1,2,1,1,1,1,1,1,2,1,2,2,2,2
790,4,1,1,4,5,3,2,2,2,2,3,1,1,1,2,2,2,2,2,2
791,4,1,1,5,5,3,2,3,1,3,1,1,1,1,2,2,2,2,2,2
792,1,1,2,5,5,1,,0,0,3,4,2,1,1,2,4,,2,2,2
793,1,1,2,6,6,5,1,2,0,3,1,2,2,2,2,4,2,2,2,2
794,2,1,2,4,6,5,1,3,0,2,4,2,2,2,2,3,4,1,2,1
795,1,1,2,4,5,1,,3,2,3,4,1,1,1,1,4,1,1,2,1
796,2,1,1,3,5,5,1,3,1,,3,2,2,2,2,2,3,1,2,1
797,4,1,1,3,6,3,2,3,2,2,3,2,2,2,1,2,3,2,2,2
798,3,1,1,4,4,5,1,3,0,3,1,2,2,2,2,3,2,1,1,1
799,3,1,1,6,4,5,1,2,0,3,1,2,1,2,2,3,3,2,2,2
800,3,1,1,,5,3,2,2,2,2,3,1,1,1,2,1,1,2,2,2
801,4,1,1,4,5,3,2,3,2,2,3,1,1,1,2,3,2,2,2,2
802,1,1,2,4,5,1,,2,2,3,3,1,1,1,2,2,3,2,2,2
803,1,1,2,5,5,1,1,1,1,1,2,1,2,2,2,3,2,1,1,1
804,,1,1,,4,3,1,1,1,3,5,2,2,2,2,2,2,1,1,1
805,2,1,1,4,5,4,1,2,0,2,4,1,1,2,3,2,3,1,2,1
806,,1,2,5,5,1,,2,0,3,1,2,2,2,2,2,,1,1,1
807,2,1,2,5,5,4,1,1,0,3,4,2,2,2,1,1,1,1,1,1
808,1,1,2,4,5,1,,1,0,3,4,3,3,1,3,1,1,2,,1
809,2,1,2,4,5,3,1,2,1,3,1,2,2,2,1,1,3,1,1,2
810,4,1,1,5,3,5,2,0,0,3,,2,2,2,1,1,3,1,1,2
811,1,1,2,7,4,5,1,2,1,3,4,2,2,2,1,1,1,1,1,1
812,2,1,1,6,6,5,2,2,1,1,1,1,2,2,1,1,4,2,2,2
813,2,1,2,5,6,,,1,0,3,1,2,2,2,1,1,4,1,1,2
814,1,2,1,5,5,2,,2,1,2,2,2,2,2,1,1,3,2,2,2
815,1,1,2,4,5,1,,1,0,1,1,1,1,2,1,1,1,1,1,1
816,1,1,2,,3,4,1,1,0,3,,2,2,2,1,1,1,1,1,1
817,3,1,1,4,3,5,1,0,0,3,1,2,2,,1,2,3,2,2,2
818,2,1,1,6,5,1,1,0,0,2,1,2,2,2,1,2,4,1,1,1
819,5,1,1,4,2,3,2,1,0,2,1,2,2,2,2,2,4,2,2,2
820,2,1,1,8,6,5,1,3,1,2,3,2,2,2,1,2,1,2,2,2
821,6,1,1,4,1,5,1,0,0,1,1,2,2,2,3,3,4,1,1,1
822,5,1,1,5,5,4,1,1,0,1,1,2,2,2,2,3,4,2,2,2
823,1,1,2,,3,1,,1,0,1,,2,2,,3,3,4,2,2,2
824,2,1,1,5,5,,1,1,0,1,1,2,2,2,,,,1,1,1
825,1,1,2,,4,1,,0,0,3,,2,2,2,2,3,4,1,1,1
826,2,1,1,4,3,4,1,0,0,1,1,2,2,2,2,3,3,1,1,1
827,2,1,2,17,5,4,1,1,0,2,1,2,2,2,1,1,2,1,1,2
828,4,1,1,4,1,,1,0,0,1,1,2,2,2,1,1,1,1,1,1
829,1,1,2,5,4,4,1,1,1,3,1,1,1,2,2,4,4,2,2,2
830,2,2,1,5,5,2,,1,1,3,1,1,1,2,4,4,4,2,2,2
831,2,1,1,7,5,3,1,1,1,3,1,1,1,,2,4,4,2,2,2
832,1,1,2,,5,1,,1,0,3,1,1,1,2,4,4,4,2,2,2
833,2,1,1,4,5,3,1,2,1,2,3,1,1,2,1,1,4,2,2,2
834,1,1,2,6,5,1,,1,0,3,1,1,4,2,1,1,,2,2,2
835,2,1,1,5,5,3,1,1,1,2,3,1,1,2,4,2,4,2,2,2
836,1,1,2,5,4,1,,1,1,3,2,1,1,,2,4,4,2,2,2
837,2,1,1,4,4,4,1,0,0,3,1,1,2,2,4,1,4,1,1,1
838,1,1,2,5,5,1,1,3,0,3,1,1,1,2,2,4,4,1,1,1
839,1,1,2,5,5,1,1,1,0,3,1,1,1,2,1,4,4,1,1,1
840,1,1,2,5,5,1,1,1,0,2,1,1,1,2,1,1,4,1,1,1
841,1,1,2,6,6,4,1,1,0,3,1,2,2,2,4,4,,1,1,1
842,1,1,2,5,5,1,,2,0,1,1,2,2,2,1,2,4,1,1,1
843,,1,2,6,5,1,,1,0,3,1,1,1,2,2,3,3,1,1,1
844,2,1,2,7,5,3,1,1,1,,2,1,2,2,4,2,4,2,2,2
845,1,1,2,7,5,3,1,1,1,3,2,1,2,2,4,2,4,2,2,2
846,1,1,2,,4,1,,1,1,3,2,1,1,2,4,4,4,2,2,2
847,1,1,2,5,5,1,,2,0,2,1,2,2,2,1,4,4,1,1,2
848,,1,2,16,6,1,,2,0,3,1,1,2,1,1,4,4,2,,
849,2,1,1,6,5,5,2,2,1,3,1,1,1,1,1,3,2,1,,1
850,2,1,2,7,5,4,1,2,0,3,1,2,1,2,1,2,2,1,2,2
851,2,1,1,5,5,5,1,2,0,3,1,2,1,1,1,4,2,2,,
852,5,2,1,4,2,2,,1,0,2,3,2,2,2,2,3,3,1,2,1
853,2,1,1,2,5,4,1,0,1,2,1,1,1,2,3,4,3,2,,
854,1,1,2,10,4,1,,1,0,3,,1,2,2,3,2,,1,1,1
855,1,1,2,6,5,1,,2,0,3,1,2,2,2,2,2,,2,,
856,2,1,2,7,5,5,1,2,1,3,1,1,2,1,2,3,,2,,
857,2,1,1,5,4,4,1,1,1,3,3,2,2,1,1,2,2,2,,
858,4,2,1,4,3,2,,1,,2,1,2,2,1,2,2,2,2,,
859,1,2,2,7,4,1,,1,,2,4,2,2,2,2,2,,1,1,1
860,3,2,1,7,4,2,,1,1,2,1,1,2,2,2,2,2,2,,
861,4,2,1,4,4,3,1,1,0,2,1,1,1,1,3,2,3,2,,
862,1,1,2,3,4,1,,2,1,2,3,2,2,2,2,2,3,2,,
863,3,1,1,3,5,4,1,2,1,2,3,2,2,2,3,3,2,2,,
864,3,2,1,3,4,2,,2,1,2,3,2,2,2,3,3,3,2,,
865,1,1,2,5,3,1,,1,0,3,1,2,2,2,1,2,2,2,,
866,2,1,1,6,2,5,1,1,0,3,1,2,2,1,2,3,4,2,,
867,1,2,2,5,5,4,1,1,0,4,2,2,2,2,2,3,4,2,,
868,3,1,1,6,4,5,1,2,1,2,3,2,2,1,4,4,4,2,,
869,1,1,2,4,5,5,1,1,0,3,1,2,2,2,2,3,2,1,1,1
870,1,1,2,4,3,1,,1,0,3,1,2,2,2,2,3,2,1,1,1
871,1,1,2,4,5,4,2,2,0,3,1,2,1,2,1,4,2,2,,
872,2,1,1,6,5,5,2,3,0,2,2,1,1,2,1,2,3,2,,
873,1,1,2,7,6,4,2,3,1,3,1,1,2,2,1,3,3,2,,
874,4,1,1,5,,4,2,3,1,2,1,2,2,1,1,2,3,2,,
875,1,1,1,,5,4,1,2,0,3,1,1,2,1,1,3,2,1,1,1
876,1,1,2,9,6,1,2,1,0,3,1,1,2,2,1,1,2,1,2,1
877,1,1,2,8,5,5,1,1,,3,3,2,2,2,1,1,1,1,1,1
878,3,1,1,4,3,5,2,3,1,2,3,2,3,2,3,3,3,1,2,1
879,1,1,2,7,5,5,1,2,0,3,1,1,2,2,1,1,3,1,1,2
880,3,1,1,4,5,,1,0,0,2,1,2,3,2,1,1,1,1,1,1
881,5,1,1,4,2,,1,2,,1,,1,2,2,1,3,3,1,1,1
882,2,1,1,4,,5,1,1,1,3,3,2,2,2,1,3,2,1,2,1
883,1,1,2,4,5,4,1,1,,3,,2,2,2,1,1,2,1,1,1
884,1,1,2,4,6,1,1,1,0,3,1,2,2,1,1,4,3,1,2,2
885,1,1,2,5,5,1,1,5,3,,4,1,2,1,1,1,1,2,2,2
886,2,1,2,,6,5,1,2,1,3,1,2,2,2,2,4,2,1,1,1
887,6,1,1,8,5,4,1,2,0,3,1,1,2,2,1,1,1,2,,
888,2,1,2,3,3,4,1,,,3,3,1,,1,1,1,,2,,
889,4,1,1,7,5,3,2,2,2,1,2,2,2,2,4,1,4,1,1,1
890,,1,1,4,5,5,1,1,2,1,3,1,2,1,4,4,2,1,2,1
891,5,2,1,4,3,2,1,,,3,2,2,2,1,1,3,2,2,,
892,4,2,1,3,3,2,1,0,0,3,2,1,1,2,1,1,1,2,,
893,1,1,2,4,4,1,2,2,0,1,1,1,2,2,1,1,1,1,1,1
894,2,1,2,3,5,3,1,2,0,3,2,2,2,2,2,2,2,1,1,1
895,2,1,1,5,5,5,1,2,1,3,2,2,2,2,2,2,2,2,2,2
896,4,1,1,5,5,3,2,1,,3,1,1,3,2,1,3,1,2,,
897,1,1,2,4,5,1,,2,0,3,,,,1,3,4,2,2,2,2
898,,1,2,5,,,,1,0,,,,,2,2,2,2,2,2,2
899,1,1,2,2,4,1,1,2,1,3,4,1,2,1,1,4,1,2,2,2
900,2,1,2,4,6,5,1,3,0,3,3,2,,2,3,2,1,1,2,1
901,1,1,2,4,5,1,,2,1,2,3,2,2,1,4,1,4,2,2,2
902,4,1,1,4,4,3,1,1,,1,2,2,2,1,1,1,2,1,1,2
903,4,1,1,5,5,4,1,0,0,3,1,2,2,,,,,2,2,2
904,1,1,2,6,3,1,1,1,0,3,1,2,2,2,1,4,3,1,1,1
905,,1,2,,,3,,1,,,,,,2,1,2,,2,2,1
906,3,1,1,2,3,5,1,1,0,1,2,2,2,,,,,1,1,1
907,1,1,1,3,5,1,,2,0,3,1,2,2,,2,3,4,2,2,
908,1,1,2,5,5,1,,2,0,3,1,2,2,2,2,2,3,2,,
909,1,1,2,6,5,1,,2,1,3,1,2,,2,3,,,1,1,2
910,1,2,2,,5,1,,2,,3,2,2,2,,1,4,4,1,1,1
911,,2,2,,5,1,,1,,,2,2,2,2,1,4,4,1,1,1
912,2,1,1,5,5,,,,,3,1,,,1,1,4,4,2,2,2
913,2,2,1,3,6,2,,,2,2,2,2,2,2,3,2,4,1,1,1
914,1,1,2,5,5,1,,2,1,1,2,2,2,1,1,4,4,1,1,1
915,1,1,2,5,3,,,,1,2,1,2,2,2,4,1,4,1,1,1
916,1,1,2,5,3,1,,,,2,1,2,2,2,4,4,1,1,1,1
917,1,1,2,6,3,1,,,,2,1,2,2,2,4,4,4,1,1,1
918,1,1,2,,5,1,,2,1,3,3,5,2,2,1,4,4,1,1,1
919,2,1,2,7,5,1,,1,1,3,1,1,2,2,2,2,2,1,1,1
920,3,1,1,,3,5,1,1,,3,1,1,2,2,2,2,3,1,1,1
921,4,1,1,5,3,5,1,1,,2,1,1,2,2,2,2,2,2,,
922,2,1,1,6,3,5,1,1,0,2,4,1,2,2,2,2,2,1,1,1
923,3,2,1,3,3,2,,1,0,2,1,1,2,2,2,2,2,2,,
924,3,1,2,5,5,5,1,1,1,3,3,1,2,2,2,2,2,1,1,1
925,5,2,1,4,4,2,,1,0,2,1,1,1,2,2,2,2,2,,
926,3,1,2,,6,5,2,2,1,2,1,1,2,2,2,2,2,2,,
927,3,1,2,5,6,5,2,2,1,1,3,1,2,2,2,3,2,1,1,1
928,2,1,2,10,6,5,1,2,1,3,3,1,2,2,2,3,2,1,1,1
929,1,1,2,,4,1,,2,0,,1,2,2,2,3,4,4,1,1,1
930,4,1,1,,4,3,1,2,0,2,2,2,2,2,2,4,3,1,1,2
931,1,1,2,4,3,4,1,3,0,3,1,2,2,2,2,3,4,1,1,1
932,1,1,2,7,4,4,1,2,0,3,1,2,2,2,1,2,4,1,2,1
933,3,1,1,4,5,,,1,0,1,1,2,2,1,4,3,4,2,2,2
934,2,1,1,5,3,5,1,0,0,1,2,2,2,2,2,4,4,2,2,2
935,1,1,2,7,,,1,2,0,1,1,3,,1,2,2,1,2,2,2
936,3,1,1,,2,5,1,0,0,1,3,4,3,1,2,4,2,2,1,2
937,2,1,2,7,4,4,1,1,0,3,1,2,2,,3,4,4,2,2,
938,1,1,2,8,3,1,,2,0,,,,,2,,,,,1,1
939,2,1,2,5,5,4,1,1,0,2,1,2,2,1,2,2,3,2,2,2
940,1,1,1,5,5,4,1,1,1,2,4,4,2,1,2,3,4,1,2,1
941,1,1,2,5,4,1,,1,1,2,1,3,2,2,3,3,3,2,2,2
942,1,1,2,4,5,1,,2,0,3,1,2,,1,3,3,3,2,2,2
943,1,1,2,,5,1,,0,0,2,1,3,2,1,3,3,4,2,2,2
944,2,1,1,3,1,3,1,2,1,2,3,4,2,1,3,3,3,1,2,1
945,2,1,1,3,5,4,1,1,1,2,3,4,4,1,3,,2,2,2,2
946,1,1,2,4,3,1,,1,0,,1,2,2,,2,3,3,2,2,2
947,1,1,2,5,4,1,,1,0,3,1,2,2,2,2,2,4,2,2,2
948,1,1,2,,5,,,1,0,1,1,2,2,,3,3,4,2,2,
949,2,1,1,3,6,4,1,2,1,2,3,3,2,1,3,2,3,2,2,1
950,1,1,2,8,3,1,1,1,0,3,4,2,2,1,3,2,2,2,2,2
951,2,1,2,4,5,3,1,1,0,1,1,3,3,2,1,2,4,1,2,2
952,1,1,2,5,3,1,1,0,0,3,1,4,3,1,1,4,4,1,2,2
953,1,1,2,5,5,5,1,1,0,3,1,3,2,1,2,2,4,1,2,2
954,5,1,1,4,2,4,1,0,0,2,1,1,2,2,4,4,4,1,2,2
955,1,2,,3,3,2&5,1,0,0,2,1,3,3,2,2,3,4,1,2,2
956,2,1,2,4,6,5,2,1,2,1,1,3,3,1,2,3,4,1,1,1
957,4,1,1,5,2,5,1,0,0,2,1,2,2,2,4,4,4,1,2,2
958,1,1,2,4,4,1,1,1,2,3,1,4,4,2,4,4,4,1,1,1
959,3,1,1,4,5,4,1,1,0,3,1,2,2,1,2,3,4,1,1,1
960,2,1,1,5,5,4,1,2,1,1,1,2,2,1,2,2,4,2,2,2
961,3,1,2,6,4,4,1,0,0,2,2,1,4,1,2,4,4,2,2,2
962,1,1,2,3,4,1,,1,0,2,1,1,2,1,1,2,,1,1,1
963,2,1,2,1,3,3,1,0,0,,1,5,1,2,1,3,4,1,1,1
964,2,1,1,5,4,4,1,1,1,3,3,2,5,2,4,1,4,1,1,1
965,1,1,2,5,5,1,1,0,0,2,1,1,1,2,1,1,,1,1,1
966,1,1,2,4,5,1,,1,0,2,4,1,3,2,2,4,4,1,1,1
967,1,1,2,5,5,1,,1,0,3,1,1,1,2,4,3,4,2,2,2
968,1,1,2,5,5,1,,2,0,,1,4,5,2,4,1,4,1,1,1
969,3,1,1,3,3,4,1,1,1,2,3,1,4,2,1,4,4,1,1,1
970,1,1,2,3,4,1,,0,0,2,1,2,5,2,1,4,,1,1,1
971,1,1,2,5,5,1,,3,1,3,4,2,2,2,1,3,3,1,1,1
972,2,1,2,5,5,1,,0,0,3,2,2,2,2,1,3,3,1,1,1
973,2,1,1,4,5,5,1,1,0,3,1,1,2,1,1,3,3,2,2,2
974,1,1,2,4,5,,2,2,1,3,1,1,2,2,1,3,3,1,1,1
975,3,1,1,,1,5,1,0,0,2,1,2,2,1,1,4,4,2,2,2
976,1,1,2,10,5,5,1,1,0,3,1,1,2,2,1,4,4,1,1,1
977,1,1,2,5,5,3,1,2,1,3,1,2,2,2,1,4,4,1,1,1
978,2,1,1,7,5,4,1,1,0,3,1,2,2,2,1,4,4,2,2,2
979,1,1,2,4,5,5,,1,0,3,1,2,2,2,1,3,3,2,2,2
980,1,1,1,8,5,5,1,0,0,3,1,2,2,1,1,3,3,2,2,2
981,1,1,2,,5,1,,,,,,,,,,,,1,2,1
982,1,1,2,4,,1,,1,0,3,2,1,1,2,1,2,2,1,1,1
983,1,1,2,,5,4,1,2,0,3,1,1,1,1,1,4,3,2,2,2
984,5,1,1,10,3,,2,2,0,,2,1,1,2,3,4,,1,1,1
985,2,1,1,4,5,4,2,2,1,,1,2,2,2,,,,1,2,1
986,4,1,1,9,1,3,1,1,0,2,2,1,1,1,4,4,4,2,2,2
987,1,1,2,4,4,4,,,,,,1,1,1,1,3,4,1,1,1
988,1,1,2,5,5,4,1,1,0,,2,1,1,1,2,3,4,2,2,2
989,1,1,2,4,3,1&4,1,2,0,3,1,1,1,1,,,,1,1,1
990,3,2,1,,2,3,1,1,0,2,2,1,1,1,1,4,1,1,1,1
991,2,1,2,4,5,4,1,1,0,,1,2,2,,2,2,2,1,1,1
992,3,2,1,5,4,2,,2,0,,2,2,2,,2,2,2,1,1,1
993,3,1,1,6,4,5,1,2,1,2,6,2,2,2,2,2,,2,2,2
994,3,1,1,4,5,5,1,1,1,2,2,2,2,2,2,4,3,1,,1
995,2,1,2,3,6,3,1,2,1,3,3,2,2,1,2,2,2,1,1,1
996,3,1,1,4,5,4,1,1,0,2,2,2,2,2,2,2,2,1,1,1
997,2,1,1,2,5,3,1,2,0,3,2,2,2,,2,2,2,2,2,2
998,1,1,2,5,6,1,1,2,,2,1,1,1,2,1,4,2,1,1,1
999,2,1,1,2,2,,,,,2,2,1,1,2,2,2,1,1,1,2
1000,2,2,1,4,3,2,,1,0,2,3,1,2,2,2,2,2,1,1,1
1001,1,2,2,5,5,1,,1,0,2,1,2,2,1,2,2,2,2,,
1002,2,1,1,6,5,3,1,2,0,3,2,1,1,2,1,4,4,1,1,1
1003,2,2,1,,5,2,,2,0,2,1,1,2,2,2,3,2,1,1,1
1004,2,1,2,,5,5,2,2,0,1,1,1,2,2,2,2,1,2,,
1005,4,1,1,4,4,5,1,1,0,2,1,1,2,2,2,2,1,1,1,1
1006,3,1,1,4,6,4,1,1,0,3,1,5,2,1,1,2,1,2,,
1007,1,1,2,4,5,5,1,2,1,3,1,1,,1,3,2,2,2,1,1
1008,2,1,2,,6,1,,1,0,2,1,4,2,2,2,2,2,2,2,2
1009,1,1,2,6,5,3,1,0,0,3,1,2,2,1,3,3,4,2,1,2
1010,4,1,1,5,6,5,1,0,2,2,1,2,2,1,1,2,2,2,,
1011,1,1,2,10,3,5,1,1,1,2,1,2,1,1,1,2,3,1,2,1
1012,3,1,2,12,3,5,1,1,0,1,1,2,2,2,1,4,1,1,1,1
1013,1,1,2,6,5,1,1,0,1,2,1,3,2,1,1,4,2,1,1,2
1014,2,1,2,5,3,5,1,0,0,1,1,2,2,2,2,2,3,2,,
1015,1,1,2,6,5,5,1,2,1,1,1,3,2,1,1,3,2,2,,
1016,2,1,2,,6,5,2,2,1,1,1,4,1,2,2,2,3,2,2,2
1017,3,1,1,5,5,3,1,2,0,,1,2,2,1,2,2,2,2,2,2
1018,2,1,1,3,4,4,1,2,0,,1,2,2,1,2,2,2,2,2,2
1019,3,1,1,4,4,4,1,3,1,3,1,3,3,3,3,3,3,1,1,1
1020,1,1,2,4,5,4,1,2,0,1,1,2,3,1,2,4,3,2,2,2
1021,4,1,1,9,3,4,1,0,1,3,1,1,2,2,1,4,,1,1,1
1022,2,1,2,4,5,,2,1,1,1,1,,,1,4,2,3,2,2,2
1023,2,1,1,,6,5,2,1,1,3,1,1,1,1,1,3,4,2,2,2
1024,2,1,1,10,5,5,1,2,0,1,1,2,1,2,2,2,1,2,,
1025,1,1,2,13,5,1,1,1,0,2,2,2,2,1,2,3,2,2,2,2
1026,1,1,2,4,5,1,,3,0,3,1,2,2,1,2,3,2,2,2,1
1027,3,2,1,5,5,2,,2,1,2,1,2,2,1,1,3,2,2,2,2
1028,1,1,2,,6,,,3,0,1,1,2,1,2,2,3,2,2,2,2
1029,1,1,2,7,5,1,,2,0,3,1,2,2,2,1,4,,2,,
1030,3,1,1,5,2,5,,1,0,1,1,1,2,2,4,2,4,1,1,1
1031,2,1,2,7,6,5,1,2,0,3,1,2,2,1,2,2,4,2,2,2
1032,1,2,1,6,2,2,,1,0,2,4,2,2,1,2,3,2,2,,
1033,3,2,1,2,3,2,,1,1,2,1,2,2,1,1,3,2,2,,
1034,2,1,1,4,3,4,1,0,2,2,1,2,2,2,3,2,4,1,1,1
1035,3,1,1,12,6,4,2,1,0,2,1,2,1,2,1,4,4,2,,
1036,5,2,1,6,5,3,2,1,0,2,5,2,1,2,2,2,2,1,1,1
1037,6,1,1,8,5,3,,2,0,2,1,1,2,1,1,2,4,2,,
1038,5,2,1,4,4,3,2,2,1,2,1,1,2,2,1,2,2,2,,
1039,4,1,1,5,5,4,1,0,1,3,1,1,2,1,2,1,2,2,,
1040,5,1,1,6,4,5,2,1,1,2,3,2,2,2,2,3,4,1,1,1
1041,2,2,1,7,6,3,1,3,0,2,4,1,2,2,2,2,3,2,2,2
1042,2,1,1,5,5,4,1,1,0,1,3,1,2,1,2,3,4,2,2,2
1043,1,1,2,3,5,5,1,4,2,3,1,1,1,2,1,2,2,2,2,2
1044,5,1,1,,5,4,2,1,2,2,3,1,2,1,2,2,3,2,2,2
1045,3,2,1,4,3,4,1,1,0,2,2,1,2,1,2,2,1,2,,
1046,5,1,1,5,4,5,2,2,2,2,3,1,1,2,2,3,4,1,1,1
1047,1,1,2,4,3,4,1,1,0,3,1,2,2,2,2,2,,1,1,2
1048,2,1,1,4,3,4,1,2,0,2,1,2,2,2,1,4,2,2,2,2
1049,1,1,2,3,5,,1,2,0,2,1,2,2,1,1,2,2,1,2,1
1050,3,1,2,5,6,5,2,1,1,2,1,1,1,2,2,2,2,2,,
1051,4,2,1,6,3,2,,2,0,2,1,2,2,2,2,2,2,1,1,1
1052,2,1,2,4,2,5,1,1,0,2,3,2,2,2,3,2,4,2,2,2
1053,1,1,2,4,5,5,1,2,1,2,1,1,2,1,1,2,3,2,2,2
1054,2,1,2,4,5,4,1,1,1,4,1,1,3,1,2,2,2,2,2,2
1055,2,1,1,3,6,3,1,2,0,2,1,2,2,1,2,1,2,2,2,2
1056,5,1,1,3,3,4,1,1,0,3,1,3,3,1,4,1,4,1,2,2
1057,1,1,2,5,5,4,1,2,1,3,1,4,2,1,4,4,4,2,2,2
1058,2,1,1,3,4,3,1,2,1,3,1,4,2,1,1,3,4,2,2,2
1059,2,1,1,3,3,4,1,1,0,3,3,2,2,1,1,2,4,2,2,2
1060,2,1,2,3,,5,1,1,0,3,1,3,1,1,1,4,1,2,2,2
1061,3,1,1,9,4,4,1,1,0,2,,,,2,1,1,1,2,,
1062,1,1,2,9,5,1,,2,,2,1,2,2,2,4,4,1,1,1,1
1063,2,1,1,4,3,5,1,,,2,1,2,2,1,2,2,3,2,2,2
1064,1,1,2,,5,1,,0,0,2,1,2,2,1,2,4,,1,2,1
1065,2,1,1,5,5,3,1,1,2,2,1,2,2,1,1,2,4,2,2,2
1066,3,1,1,4,5,4,1,1,0,1,1,2,1,2,2,1,3,1,2,1
1067,2,1,1,10,6,4,1,2,1,2,1,1,1,1,1,4,4,1,2,1
1068,1,1,2,4,5,3,,2,0,3,1,2,2,2,1,4,2,1,1,1
1069,3,1,1,5,5,4,1,1,0,3,1,2,2,1,2,3,2,2,2,2
1070,5,1,1,6,6,5,1,2,0,2,1,1,1,2,1,4,4,2,,
1071,5,1,1,5,5,4,2,3,1,2,1,2,2,2,1,4,1,2,2,
1072,2,1,2,3,5,4,1,1,1,3,1,2,2,2,1,1,4,1,1,1
1073,3,1,1,4,5,5,2,2,1,1,1,2,1,2,1,4,3,2,2,2
1074,3,1,1,5,4,,1,0,0,,1,2,,2,1,4,4,2,2,2
1075,1,1,2,4,5,1,,1,1,1,1,2,2,2,1,2,,2,,
1076,3,2,1,4,5,2,,1,0,2,1,2,2,2,3,,,1,1,1
1077,2,1,2,,5,5,1,2,0,1,1,2,2,2,1,4,4,1,1,2
1078,2,1,1,6,4,4,1,2,1,2,1,2,2,2,1,4,4,1,1,1
1079,2,1,1,5,5,1,1,0,3,1,2,2,2,2,2,3,3,1,2,1
1080,2,1,1,8,5,3,,3,1,2,1,2,2,1,2,2,,2,2,2
1081,2,1,2,5,5,3,2,4,1,1,3,2,2,1,4,4,3,2,,
1082,2,1,1,9,4,5,1,,,3,1,2,2,1,1,2,3,2,2,2
1083,2,1,1,9,1,4,1,1,0,3,1,2,2,1,1,1,3,2,2,2
1084,6,1,1,7,6,3,2,2,1,2,1,2,2,1,4,4,3,2,2,2
1085,2,1,1,3,5,3,1,1,0,2,1,1,1,1,2,4,2,2,2,2
1086,1,1,2,6,5,1,,1,2,2,1,2,,1,1,2,3,1,1,2
1087,2,1,2,4,5,1,1,0,0,3,1,2,1,2,,2,3,2,2,2
1088,2,1,1,7,5,5,2,4,2,3,1,2,2,2,2,4,2,1,1,2
1089,3,1,1,4,5,5,2,1,1,3,1,1,2,,1,1,,2,2,2
1090,,1,2,4,5,1,,2,0,1,1,1,2,2,2,2,3,1,1,1
1091,,1,1,,3,5,,3,1,1,1,2,1,1,1,,1,2,2,2
1092,5,1,1,5,3,5,1,0,0,2,2,2,2,1,1,1,1,2,,
1093,5,1,1,3,5,3,1,1,0,2,3,1,2,1,1,1,1,2,,
1094,4,1,1,5,3,4,1,1,0,2,1,1,2,2,3,3,4,1,1,1
1095,3,2,1,5,1,2,,0,0,2,1,1,2,1,1,1,1,2,,
1096,3,1,2,7,4,3,1,,,2,3,2,3,1,1,2,3,2,,
1097,3,1,1,5,4,4,2,1,0,3,3,2,2,1,4,4,4,2,,
1098,2,1,1,14,6,4,1,3,0,3,1,2,2,2,2,3,4,2,,
1099,2,2,1,5,3,2,1,1,0,,1,1,2,1,1,3,3,2,,
1100,,1,1,5,,,,2,0,,4,2,2,1,2,2,2,1,1,1
